omet;omething
gl;gla
Yeah;Yeah, 
u;uy
a;tha
ERY;ERY:
.;rry.
t; do t
t;his t
s an;s and 
ma;mal
f;s of
ne;ne.
nte;nter
s;ks
I;IS
's ;That's 
e;e?
b; the b
 can; can 
a;lea
e pla;e plane
n;nc
r ;r a
lower;lowers
 fa; fall
t;nat
e;to be
f;o f
la;lac
t;ng it
g; a g
ee;een
u;su
forward in time ;forward in time and 
 see; sees 
p;pp
RRY;RRY:
g;king
o; ho
i;li
th;for th
t;, but
its;its 
h;ath
n;than
us;use
nd ;, and 
ld;could
k;ks
I'm ;I'm g
 ; C
en;ent
 hon; honey
W;Wa
l;wil
t;gott
, ;, f
a ;a i
OCK #1;OCK #1:
e;ll the
ney;ney,
BL;GE BUMBL
u;hou
this;this 
to ;want to 
ing in;ing in 
o;flies o
I;TI
ar;art
T;IT
 ;R 
a; sa
f th;f the
e;Are
 ;ink 
t;tat
Barry a;Barry and 
h;h.
hi;hit
gh ;rough 
r; bear
A;TA
 ;bee 
l;lt
ing;ing!
o;os
c;co
br;bro
LO;LOO
ETON:;UDGE BUMBLETON:
=;==
ear;ear 
 of ; of t
e;e)
a ;into a 
ga;gain
ow;ower
ch;ch 
NET;NET:
l; a fl
d;the wind
CK;CK 
talking ;talking t
and w;and we 
I ;I h
 ;ldn't 
';I'
 sti; stin
and ;orward in time and 
s;ches
 human; human 
ck; back
ch; much
m; cam
r;war
s on;s on 
i;ooki
.;y.
s;sp
I d;I do
have ;have t
t;a st
);es)
- ;- N
s ;sees 
and ;rd in time and 
re ;ou're 
 ;What 
 and the; and the 
d;do
 for; forward
ET;ETON:
a f;a fl
ning;ning 
The ;The p
R;RT
u;you
OME;OMERY
a; ca
, ;ly, 
A;AD
s;bs
. ;. A
ight;ight 
a; tha
side t;side the 
king t;king to
 ;ash 
G;GOMERY
 jo; jock
s;ers
t;That
c; a c
 ;rk 
 to f; to fly
 ;was 
t;ave t
n;nu
Is;Is 
cou;cour
e;- He
ad;ade
ou ;ou d
e;ng be
j;s j
 I ; I w
en;happen
 W; We
l; Bl
't;I can't
o;is co
ok;Look
 not; not 
. I;. It
our;ourt
i; gi
nking;nking 
uman;uman 
pec;peci
ps;ps 
o; pro
nna;nna 
, bu;, but
, ;Hey, 
st ; just 
the;them
h;r h
oth;othing
r;star
(Barry ;(Barry f
ere is;ere is 
CK #;CK #2:
ch;che
o;op
'm ;'m g
 ;lash 
t in ;t in t
leas;lease
what;what 
I;I 
n;zin
i;whi
n; plan
e;t's the
tu;tur
ARD:;UARD:
s;s?
T;TI
h;I th
e;f the
o ;o t
 ;g to 
 ; Barry 
er;ower
LL;LLEN JOCK
n;kin
n;llin
es ;es d
 ;ve to 
u;s you
n.;n. 
hit;hits 
:;SA:
l;s a l
s;los
t i;t it
s;ng s
H;Hi
 ; and Barry 
the p;the plane
 ;rward 
in;inc
a;Ca
d;he wind
 it ; it a
u;uzz
a; is a
 for; for 
p; happ
o;re o
s;y s
t;st t
ta;tat
 ;s Barry 
o;ry lo
 s; sa
e ;e B
ho;hol
 there; there 
.;ry.
forward in time;forward in time 
t of;t of 
e;ppe
n; en
a;he a
an;ani
om;omp
 ; much 
Jock;he Pollen Jock
 r; ru
e;fre
e;ame
.;en.
 ;out 
a; ha
g;lling
c;pec
ng ou;ng out
d;need
essa;essa 
ut t;ut th
m;the m
ey ;ey w
oa;oat
nd ;nd s
g;a g
orward in time ;orward in time and 
ARR;ARRY
d;eard
g; I g
h;Sh
he h;he hi
o;Po
ll;ll, 
d;ds
from;from 
 ; S
e.;e. 
 do; doing
u g;u go
 ;op 
 a ; a s
 ;s that 
TON:;LETON:
s;n his
Ye;Yeah
e;ture
por;port
ash forward in time;ash forward in time 
 ;his is 
ni;nis
te;ter
 think; think 
, ;, B
t;et
w ;w t
d;I d
e c;e co
a;ing a
g bee;g bee!
s; is s
y; every
uts;uts 
a;th a
s ;falls 
an;ans
b;e b
lan;lane
h;e the h
now;now, 
g;g.
na ;gonna 
u;d ou
b;g b
nin;ning
ollen Jock;ollen Jocks
a;ama
h;er h
eady;Barry! Breakfast is ready!
hap;happ
R;MAR
do;does
flo;flow
ake;akes
er;eri
ap;ape
g ;g m
e n;e ne
la;lat
th ;th a
 ;orward 
s ;oks 
A;Ar
e y;e you
w;n w
 e; ex
, ;ll, 
s;Bees
o ;o o
e;- Ye
 ;lk 
in;ins
 ra; rai
 cou; could
ng on;ng on 
a; have a
l ;l a
le;ler
ra;ran
on;enson
k; work
 ; your 
u; cu
! ;! T
ide t;ide the 
an; Van
lane; the plane
r; r
ne ;ne o
k a;k and 
s th;s thi
r;bear
w; sw
s;pos
ng;aving
, ;rry, 
e; gre
Flash ;Flash forward 
f;l f
top;top 
of th;of the
 thin; thing
B ;OB 
 ;in 
n;ran
e; for the
o;a lo
 ;, but 
 bee; bee!
t;tt
th t;th th
i;ut i
i;g hi
h;Wh
l;ur l
n;nk
on;on 
e;ane
.;ed.
 ; #
a;t ma
be ;be a
honey;honey 
?;y?
 ; was 
s ;hits 
s;Yes
a;rry a
k;truck
 ; You 
 ;ob 
man;mans
o; Mo
 ;g 
, w;, wh
much;much 
l;fal
on;ong
H; H
d ;d m
B;. B
be;bee
 ;new 
 abo; about
t i;t in
n; the n
t of t;t of th
Y;RY
e;r the
o;ing to
k;Barry! Breakfast is ready!
t; bot
A;RA
b;s b
 ;aring 
.;his.
 #1; #1:
d;land
 se; see
#;#1
the ;the h
re ;e're 
 po; poi
a;a, 
r;thr
er.;er. 
ey ;ey a
ia;ian
r; spr
and ;and s
o;kno
l;irl
m; to m
h;on h
lash;lash 
ck; Jock
.;e.
't; can't
t;ts t
d;sid
co;com
 fac; face
e ;s are 
g; the g
t; a t
 do; do 
ies ;ies o
ck; truck
t y;t you
fi;fin
Tha;That
v; liv
a;y a
 on th; on the
g;ga
re ;re b
n;gin
o f;o fl
';you'
?;it?
 ;ches 
a; hea
 su; sur
l ;l r
 ; u
just;just 
i;pi
, ;am, 
e ;(We 
lo;loa
out;out 
e;n the
s;ars
er;ers
o;the ro
ng;ngs
R;RR
:; JOCK #1:
i;e si
int;(Point
nam;name
o; Po
 ;till 
las;lash
 ;hing 
time;time.
on;tion
w;at w
.;ay.
R;Re
:;ARTIN:
i;hai
off;off 
 ;Can 
a;t a
S;SS
oin;oing
);d)
n ;n t
like;like 
n;ten
e g;e go
t;t.
 Ho; Hon
:;R:
r;y ar
l;he pl
h fo;h for
Y;Y 
e;ause
);arry)
r;Her
y a;y an
 di; did
BL;BUMBL
no;no 
o;No
e;have
er the;er the 
i; this i
a;at's a
r;rp
. The;. They
o;he ro
?;g?
ei;eir
o; flies o
e; trie
en;enn
't ;'t h
 ;ts 
d ;d Barry
lies ;(Barry flies 
co;col
on ;on i
ust;ust 
r;e wor
BL;DGE BUMBL
 ;ard 
, I;, I'
l;ll
ds ;ds o
 you; you?
t;s out
if;ife
1;EN JOCK #1
e an;e and 
e;lose
talking;talking 
- Y;- Ye
 all ; all t
we ;we d
o;ne o
 ;ust 
he ho;he honey
IN;IN 
inking;inking 
e;rive
w; the w
N JOCK #;N JOCK #1
t it;t it 
 m; mo
N;ON
e ;more 
 ;y 
se;se 
a;ssa
h ;h h
ash forward in time ;ash forward in time and 
 B; Bl
t's ;t's o
s; the s
ey; honey
 in time ; in time and 
:;N:
re;re.
);er)
e s;e so
n; han
ec;eca
 pa; par
p;s up
t; It
n;oun
- ;- B
ou;. You
 It; It 
t;ns t
l;y fl
 Barry; Barry 
 ;n a 
t; put
ct;ctu
't ;'t s
h;n th
la;las
cti;ction
ow;indow
n;mean
gin;ging
t in;t in 
h;e h
n jo;n jock
n;I can
er an;er and 
or a;or a 
M;AM
 d; dr
ts t;ts to
e ;e y
f ;f i
l;he l
ck a;ck and 
 ;over 
I c;I ca
 ;lking 
ugh ; through 
W;. W
ine;ines
- O;- Oh, 
o; sto
're ; You're 
s;ngs
 ;ou 
at's a;at's a 
pr;pro
 he; he 
 ;ch 
s;owers
s;su
ti;tim
 ; one 
a;s ma
 ;in the 
r;n r
i;it
re n;re no
Flash forward in time;Flash forward in time 
P;PO
i;ci
a;La
 co; com
 ho; home
b;d b
 ;ain 
and ;n time and 
o the;o the 
rai;rain
t;u t
ee;ees
e;the
 ;o a 
aft;after
t;bout t
 r; ra
en;scen
 Vanessa; Vanessa 
wel;well
BL;MBL
 ;They 
W;Wh
jock;len jock
 #;LEN JOCK #
 ; can 
o;h fo
ers;ers.
v;hav
a;e pla
ru;ruc
Where;Where 
d he;d he 
iev;believ
 fro; from
 ;s a 
f;re f
m an;m and 
ok;smok
"; "
To;To 
1;LEN JOCK #1
i;our li
a;st a
';He'
 ne; need
ld you;ld you 
k t;k th
 take; takes 
ver ;never 
.;g.
arry a;arry and 
ing ;aking 
e c;e ca
 ;, 
UM;E BUM
uld;should
gu;gue
e;ew
t; on t
 st; ste
't ;'t b
pl;pla
h;ha
the P;the Po
t;ht
ca;cam
 are you; are you 
 ;. He 
n;k in
or;ore
e b;e bo
 flower; flowers
 ; she 
ve;ves
anc;ance
This;This 
ut ;ut s
e;ome
r ;r s
lea;leav
n't ;n't h
ime;ime 
d;du
 ca; can
t ;t u
S;ST
 ;ick 
 ;ood 
s;gs
in time;ward in time
o; o
ou g;ou go
 hear; heard
us;ious
i;qui
e;e,
 h; he
e; ve
e;Re
ure;ure 
e ;e c
f;is f
is ;is g
ere ;ere i
et ;et i
l,;l, 
 ;and he 
a;p a
i;t i
n;n?
i;tri
 it ; it i
de;den
get;gets 
l;t l
k;on't k
t;pt
a;fa
ime; in time
ha;har
scen;scene 
 ;on the 
ve go;ve got
m s;m so
ca;can
ly;ly 
t;t!
y;my
m ;m t
kn;kno
ll th;ll the
e; all the
w;aw
 N; No
Th;Thi
s;has
 ;ht 
offe;offee
d;d d
The ;The b
N JOCK;N JOCK #
rt;rts
d;the d
h; his h
u; u
str;stri
t;ith t
dea;dead
 ; o
u;ng u
 ; think 
oor;oor 
s;flowers
s ;s u
 ; it 
 you ; you a
the ;the r
s c;s co
f;'t f
o; fro
like ;like t
er a;er an
s;humans
h;th
s;ds
forward ;Flash forward 
nd;around
h;ich
s ;He's 
a;on a
u k;u know
c;rc
D;AD
E; BUMBLE
t;g at
h;hr
a;his ha
s;hes
cks;cks 
at;- What
 I ; I h
e;die
it;ith
 ; from the 
abo;about
t;e it
RY;MERY
or ;or t
re ;We're 
es ;es o
se; close
e;a be
 k; ki
e;me
i;Thi
n; in
e se;e see
de t;de the
 you d; you do
ing;ing)
l;t all
);s)
t;ect
 ;as a 
y lo;y look
at's ;at's a
 make; make 
ens;enson
Barry;Barry 
s;ur s
 ;ere is 
h forward in time;h forward in time 
iev;ieve
n;nten
 we; we'
ont;ontgomery
's ; It's 
ain;ain 
ough;ough 
our l;our li
of i;of it
 ne; never 
ot;oti
o;u do
r; a r
bo;bou
t wa;t was
f;n't f
,;es,
ou ;ou g
U L;LOU L
 ; on the 
tho;those
the;thes
rou;rough 
 ;rts 
a;d a
es;es)
 ;ws 
the ;the s
ad;ad 
e ;e e
h;g th
A;. A
h;ll th
o; kno
o ;o b
. ;. M
OOD;OOD:
l;(Fl
- ;- Y
c;ci
 you ; you g
tt;tta
g;he g
ou ;ou t
rs.;rs. 
t be;t bee
t;ng t
a;you a
t;What
l ;l s
were;were 
ou;ou?
:;#2:
and ;lash forward in time and 
t; got
H;He
d to;d to 
ra;rad
ne;nec
);t Barry)
s;is s
d;you d
n;s n
rea;Barry! Breakfast is ready!
i;cki
ugh ;through 
b;'t b
ce;ence
's ;'s h
);in)
';, I'
h;f th
r ;r f
w; tw
 ; They 
on;only 
 ;side 
o;two
l;ual
to a;to a 
s;ls
the r;the ro
 ;h the 
Pollen Jock;Pollen Jocks
e;take
ho;hou
n;d n
rry;rry, 
h;s th
 ;hat 
i;zi
';ou'
 ; can't 
gr;gra
h;ll h
d Adam;d Adam 
y;omery
h;of h
 them; them 
fr;fre
 ;m the 
jock;ollen jock
ste;sten
 ;me 
t;f it
n't ;n't f
ss;ssa
his ;his c
e,;e, 
i; a li
 ;t the 
y a;y a 
I t;I th
 who; who 
you ;you w
his i;his is
o ;nt to 
l;call
 di; dis
n ;n a
 wo; wor
s ;Barry is 
l;il
g; you g
They;They 
t;y st
 ;rt 
n;he n
ime ;ime and 
U ;U L
r;over
e th;e thi
len;len 
leav;leave
ll ;ll s
la;lay
s;You s
e; ke
m;a m
wa;war
t;t of t
Van;Vanessa
kes;kes 
MAR;MARTIN
AR; CAR
i; ni
h;ng th
ing ;ing s
ut t;ut to 
olle;ollen
 JOCK #; JOCK #1
W;(W
e the;e the 
o;on
ow;ow 
b;ob
a;y ta
n;nd an
R;Ro
y;yw
.;m.
ein;eing
alking t;alking to 
y ;y n
d;u d
itt;ittle
plane;plane 
at;atch
a;u a
 b; be
t;ver t
E B;E BUM
om;om 
ve to;ve to 
f;a f
 and h; and he
o;eo
e;e ne
eli;eliev
a;g a
 ; around 
ng bee;ng bee!
(;(M
it;iti
ther;there
ing a;ing a 
o do;o do 
out t;out th
O;OT
sing;sing 
and ;and i
rward ;rward in time
te;te.
ly ;ly a
an ;an i
l;n l
, ;it, 
?;at?
way;way 
nd;nd.
s ; has 
y w;y wa
g o;g ou
l ;l h
ry i;ry is 
 ;o do 
TON:;BLETON:
wa;was
ave to;ave to 
. ;. B
 ;You 
h;ing th
i;eri
 fo; for
hem;hem 
hat;hat 
!;e!
w;ow
, ;rs, 
t i;t is
ay;ay 
o; who
 wa; wal
 l; li
r;ntr
 ;ny 
 ; g
! ;on! 
y ar;y are
u;ru
 how; how 
o; go
 ; D
a;ica
a; ma
 talking ; talking t
g;gi
a; Ma
din;ding
at ;at i
e;nd the
rs;rse
ki;kil
e t;e ta
or;or 
n;own
 ;oses 
a; was a
l;ou l
:; #2:
k;k, 
Fla;Flash 
 ;ds 
H;. H
me;me!
r;mer
d; we d
l; wil
u;You
s;ns
icks;icks 
anessa;anessa 
a; up a
a;the ba
a;az
ow;own
th the;th the 
r;is r
 ;S 
c;lac
g,;g, 
e bees;e bees 
d ;d Vanessa 
ne;yone
s int;s into 
l;poll
e c;e cr
fly;fly 
nd ;rry and 
l th;l the
o; too
MO;MONTGOMERY
and ;and h
go;go 
 ;(To 
nt ;nt o
but;but 
:;ADAM:
 have ; have t
n;sin
ne;new
o yo;o you
g the;g the 
g;big
(To;(To 
(Po;(Point
w;m w
ees ;ees a
u;u?
this;this.
 happ; happen
e ;e w
n';n't
n;plan
that ;that a
ag;aga
e be;e bee
a;, a
 I; It
h ;h f
e flo;e flower
alking;alking 
d ;m and 
 we; were
 ; some 
ave;ave 
Ho;Hon
a; pla
Wha;What
i;thi
rry;rry)
ce;ce.
off;offe
y;away
ing ;ing a
and;and 
e;othe
y;fly
 s; sn
JOCK #;JOCK #2:
ssa ;ssa a
le;les
e; The
o;t do
 ; pollen 
);n)
s ; hits 
ul;ull
's ;re's 
 and ; and t
e g;e gr
 ; but 
 ;e you 
 B; Barry
a;is ha
n;ing an
2:;OCK #2:
e;om the
ve;e hive
o ;ut to 
a;ke a
 the bee; the bees
 and ; and i
nd ;nd Vanessa 
n;es an
ing;flying
 #;JOCK #
es ; flies 
n; turn
s;'s
r;tter
 do; down
nto ;nto a 
o;ome o
ye;yell
 ;an 
V; V
H;- H
';an'
a; fa
it.;it. 
h;! Th
- I;- I'
d;ound
 ;off the 
s ;gets 
li;lie
f;(Barry f
t;ying t
o ;o c
What;What 
Y;RRY
a;gra
t ;t s
fa;rry! Breakfast is ready!
 ;o the 
e; here
ME;MERY
tin;ting
ry;ry.
 ;ree 
ev;eve
fi;fic
o;e ro
in;in 
r;hur
o;he co
a;dea
 i; is
the;ther
t;on t
h; I h
o;sho
hinking;hinking 
l; wal
2;2:
r;her
i;essa i
 and ; and s
int;into 
tt;tte
s;Is
st ;st t
on;ons
T;Ta
 You; You're 
 ;hat is 
 ;d we 
h;eth
 ye; yea
l;Barry l
d; dead
t;rat
MBL;MBLE
nto;nto 
ees;ees!
2:; JOCK #2:
orward ;orward in time
 ; being 
 s; st
so;sor
BARRY;BARRY:
s ; takes 
s l;s li
 somet; something
in;int
a;la
is ;is c
v;iev
o;m so
m;mm
k ;k you
ward;ward 
 ;n Jocks 
e;ey
o; Yo
os;ose
ing; talking
ello;ellow
, ;, l
b;re b
l;Pol
t; to t
 ;nna 
s;s! 
rd i;rd in time
and ;forward in time and 
 ou; out
di;die
 ;But 
 ;ill 
n;in
a;s a
be ;be t
fac;face
U;BU
a;s pa
ollen Jocks;ollen Jocks 
k;ki
g;ding
NT;NTGOMERY
 tu; tur
ses;Roses
 ;arry 
't; I can't
r ;r h
l; the l
od; good
e;ybe
 ;h 
oki;oking
 ;red 
tri;trie
s;os
I;RI
f ; if 
for ;for th
and Adam;and Adam 
I'm ;I'm s
il;ill
nd;ndi
i;ip
s m;s ma
:;VANESSA:
en;ene
re ;re r
he ;he p
a;aw
las;lass
ETON:;JUDGE BUMBLETON:
flies ;flies o
';e'
e;eave
';n'
y;guy
);sa)
 ;tting 
.;s.
?;re?
 What; What 
n;e n
i;r li
i;si
dn;dn't
 me; mea
m;om
d;ind
l;ful
B;- B
k ;k u
fr;fri
i;nsi
 ;'t 
uld;uldn't
h;ish
TO;TOR:
e;t e
right,;right, 
al;al 
Well;Well, 
e;, we
 with t; with th
a;ks a
 ;d it 
u; su
forward ;(Flash forward 
 f; fi
m;s m
t;s it
I;IT
k;alk
M;MA
?;e?
thi;this
hel;help
s;nis
you ;you d
sh forward in time ;sh forward in time and 
 ; not 
nd;nde
(;(W
e;close
qu; qu
 on; one
MO;MOOSEBLOOD
 ;e 
e p;e pl
fa;arry! Breakfast is ready!
e wind;e window
n; than
u;nou
U;UVA:
ER;ER:
e ; scene 
CA;CAR
e;eo
a;hat's a
on;on'
cr;cra
ts ;ts h
walk;walks 
N;KEN
ng i;ng it
h; a h
o;y do
s;ros
o;to do
stan;stand
arry f;arry fl
thro;through 
f;fe
';- I'
Adam;d Adam
 Th; Tha
 ;inking 
 BU; BUM
 ;nts 
B;ry! Breakfast is ready!
o;ll o
are ;are you
 ; honey 
d ;ing and 
s Barry;s Barry 
e;ed
s; Jocks
h;wh
e;ope
 g; ga
n;d in
 ;forward 
n ;n l
e pollen;e pollen 
b;o b
t; wat
 ;rd in time 
I;e I
1;POLLEN JOCK #1
 fi; fir
t; about t
bu;but
, ;, y
(;(T
ry;ry 
e;atte
 fli; flies 
i;Li
i;ard i
bout;bout 
o ;o i
e;e e
this is;this is 
 ; :
,;g,
h;igh
 ;ans 
room;room 
n;oin
u;cou
g;ging
 ;its 
 ;am 
t;g out
u ;u w
 ca; cam
a;pa
et;ets
 I ; I d
make;make 
f;ef
clos;close
ng ;ng b
on;one
 it; it 
ies ;y flies 
s in;s int
h;ch
essa;Vanessa
o;clo
 forward; forward 
p;rep
er;mber
o;o,
e;ce
a; yea
ng; long
you;you.
sa ;sa i
of the;of the 
E;EBLOOD
llo;llow
to do;to do 
n;win
et;eth
O;MO
or;door
 a; am
i;is
as;ase
y ;y c
TGOMERY;TGOMERY:
OO;OOSEBLOOD
e;ng the
T;OT
.;up.
u;t ou
ng;aring
own;own 
on;ction
o; mo
t;p t
.;time.
mi;mil
d;s d
ook;ooks 
d.;d. 
eth;ething
t h;t hi
a;r a
l;till
 the f; the flo
 ;ese 
ies ;rry flies 
s ha;s han
ne;ner
a;e da
llen Jock;llen Jocks
B;B 
re ;re a
s;urs
 ;eir 
!;rry! Breakfast is ready!
p;ap
 ; Adam 
Ken;Ken 
ng ;ng w
T;TE
 ;ring 
 ;t of 
Barry f;Barry fl
rward in time;rward in time 
 and ; and c
lea;leas
i;he wi
o; Do
n; kn
a; on a
s;t s
);essa)
 ; there 
 ;'s a 
 ;b 
v; driv
 ; plane 
z;ze
i;ali
 m; my
n Jock;n Jocks
's ;'s g
 ;n to 
o;is o
Ken ;(Ken 
u;u, 
ose;oses
s is;s is 
a;Ha
n t;n to
l;t fl
an;an'
t;the t
ou;ou'
i;ssa i
se ;se a
a;he ta
f;and f
r;lor
inte;inter
to ;to f
D;D:
 I ; I t
 I; IN 
 ;on't 
liv;live
i;r i
e';e're 
 sh; sho
Vanessa;Vanessa)
e;t be
o;(To
 ;ave a 
t; I t
!;ing bee!
 ;ands 
 #2; #2:
ght; light
 b; bo
of ;of i
 ;ally 
n; stin
he Pollen Jocks;he Pollen Jocks 
h; Th
I ;I k
i;rai
s;alls
ry ;ry t
and ; time and 
o;p o
r; cr
th;thr
f;ft
forward ;lash forward 
 he; hea
er;era
=;RY=
no;nou
er ;er w
f ;f t
ing;ing,
n;un
e; make
I can;I can't
lash forward ;lash forward in time
BL;UMBL
s;ours
u;e u
 me; me.
cau;cause 
d o;d of
n time ;n time and 
e o;e of
e;ieve
t; int
v; v
 ;ew 
o;he po
jo;jock
 tho; those
o th;o thi
omer;omery
.;me.
ou d;ou do
arry and ;arry and Adam
t ;t c
ne;nes
 ;off 
);Barry)
he pl;he plane
 have ; have a
 ;e bee 
ng o;ng ou
 H; Ho
uc;uch
a;au
 ;ir 
 ;ep 
re;res
, ;r, 
h;at h
ying ;ying t
a;to a
O;LO
t;s st
 ;about 
 his; his 
dy;body
he;hey
c; and c
N;AN
w ;w m
nce;nce 
g; to g
e;and he
 for the; for the 
ke;ke 
c;t c
o;aro
de;der
 hand; hand 
r;s your
t w;t wa
his;his 
alk;alking
 ;e, 
Fl;Fla
.; it.
 ye; yell
en; pollen
sh forward ;sh forward in time
e; e
n; min
o;ng to
 of i; of it
s;ris
,;ght,
i;s thi
Ro;Roses
t; out
 ;and Adam 
w;his w
 ta; tak
off the;off the 
v;mov
ys;ys 
i;f i
ow; window
u;inu
b;f b
tta;tta 
 ;g in 
se;ses
h, ;- Oh, 
 ver; very 
 p; pa
!;y!
h;k th
, ; bee, 
f;y f
with th;with the
ing ;etting 
w; you w
i;ry i
!;arry! Breakfast is ready!
 ;man 
ing;going
 wh; whe
could;could 
a;up a
ing hi;ing his 
f;, f
u;k u
ting;ting 
me; time
b;b 
the bee;the bees
cou;could
d b;d be
r;Fr
 ;er 
o;n jo
e Pol;e Pollen 
get;getting 
h;- Th
r;cour
 to ; to f
s;Barry s
es; does
s;s,
e ;e r
v;ov
a; wea
ea;eah
.;o.
d; heard
e; see
o;ol
l;t al
his ;his w
 ;ses 
a;av
l;l 
t;I t
r;e tr
 ;He 
ak;aking 
e h;e hi
k;hink
l; cal
t o;t ou
E;E:
The ;The s
c;u c
ic;ice
s;en Jocks
 ; with 
y ;y l
t;out
n;m an
 ;d Barry 
a;ey a
s ou;s our
LOOD;LOOD:
ck; jock
m;mi
 h; ho
e;elieve
da;dam
s at;s at 
d ;d n
whe;where
 ; r
 ge; get
a;out a
:;DAM:
s;this is
But;But 
- T;- Th
d;ted
've ;'ve got
 tru; truck
g in;g in 
ve ;ve t
ai;ait
 go; got
e have;e have 
P;Pa
ing o;ing ou
plane;plane)
 ;nk 
hy;hy 
ev;eliev
H;Ho
t;t?
ot;ott
 have to; have to 
 ;ook 
n h;n he
ivi;ivin
g ;g u
 be; bee
le;ttle
 BUMBLE; BUMBLETON:
f;s f
:;E:
e;lease
 ;o you 
i;t thi
a;'s a
ks ;ks i
ver;vers
sm;smok
pra;pray
O;OB 
Wh;Whe
d t;d to
at ;at h
 ;ry. 
know;know 
s; This
L;BL
 ; qu
o; flo
,;oney,
.;is.
 ;way 
si;sid
w; know
 ;dy 
ng t;ng to
n a;n an
CK ;CK #
i;n thi
ng,;ng, 
r; thr
ver ; never 
arry ;arry s
 fi; fin
a; like a
What ;What w
 ;that 
ike;ike 
g;ving
the ;the m
l;rl
Not;Not 
n time;ard in time
u;t u
t;oing t
re ;u're 
rry a;rry and 
y ;y f
 #;N JOCK #
 ; our 
b; of b
f;s off
k;look
N;TIN
e;t me
i; bi
w;re w
 of ; of i
ve;e have
hi;him
i;g i
A;LA
ime;d in time
ake;ake 
It;It's 
go;ve go
 ;flying 
aring;aring 
d we;d we 
v;va
You;You 
a; awa
n; man
ing.;ing. 
k; walk
ts;ts 
M;Mr. 
s y;s yo
s; and s
lly;lly 
s;arry s
bee;bee 
:;N JOCK #1:
,;n,
s;e is
t;hit
TON:;MBLETON:
ing a;ing an
en;isten
e o;e on
all;all 
ig;igh
T;T:
:;MERY:
 to ; to m
ARRY;ARRY:
 ti; time
e;e he
w;he w
a ;a l
ar ;ar t
a;'re a
up;up 
this ;this i
ent;ents
o;t wo
 ;(Adam 
 w; wo
m;him
 tr; tru
and ;d in time and 
tr;tri
ol;ole
 to ; to s
ting;ting.
an;ang
BL;BLE
ll t;ll th
 ;ngs 
aves;aves 
th;thi
ere i;ere is
:;#1:
g;ring
ou k;ou know
p ;p o
s ar;s are 
e Pollen Jock;e Pollen Jocks
 the win; the wind
t; like t
u;u'
w;know
e;d he
z;zy
r ;r r
 u; us
mo;mov
u;chu
POLLEN JOCK;POLLEN JOCK #
th;the
 li; like
t;s on t
hr;hro
ay;ays
o;Co
s; this
d ;d h
er ;er b
in time;ash forward in time
n't;ouldn't
N;IN
 ;th a 
 h; hu
p;help
ave;aves
n;o on
u ;u h
in;in.
't;sn't
ng to;ng to 
.;ce.
ua;ual
c;our c
ne;nex
es;does
 w; wa
s t;s to
uld;would
l;fall
s;you s
i; fli
o;hro
ss;sse
hat is;hat is 
sh ;sh f
i;ati
#; #
ba;back
a ;a w
(A;(A 
c;fac
 ;t in 
 ;in time 
ff;ff 
arry;s Barry
n;e win
 leav; leave
 ;e the 
one;one 
 poll; pollen
v; leav
th;tha
r;ar
i; ai
 ;ine 
l; al
anessa ;anessa i
Ho;How
w;How
it ;it o
wer;wers
 ;these 
 the ; the w
the f;the flo
s;las
 ; w
 ;s on 
or;ort
is ;is s
k;k)
C; C
h;meth
e;and the
h the;h the 
y;pray
rry ;rry l
st ;st f
i;his i
 talking; talking 
so;son
c;ac
 ;nd the 
his is;his is 
some;somet
N;N:
e;here
do;dow
hinking ;hinking bee
 ;lot 
y ;y m
ES;ESS
s h;s he
hav;have
s;d s
fo;for
l;ol
know;I don't know
tho;thou
u';u're 
n;chin
n;r an
nd ;arry and 
s w;s wi
for;forward
f;of
ve t;ve th
How;How 
 bee; been 
=;RRY=
 ;f 
 W; Wh
to ;to d
g;sting
';'re 
l ;l y
essa ;essa a
 wh; whi
ESS;ESSA
l ;All 
wi;win
!;nking bee!
.;ad.
a;ma
o;oe
ro;rou
!;me!
t;n t
y;any
i;ndi
 ;my 
is ;is t
t ;t n
t;'s t
e; He
I;e. I
s;er s
 ;g a 
 Ye; Yes
st;str
o;ow
t;oat
 I ca; I can
of ;of a
rt;rti
 ;with a 
Mo;Moose
 ;ter 
u;ng ou
 ; G
 that ; that a
h;ach
ses;ses 
a;s ha
 you; you.
 ; of the 
t; start
 k; kn
fu;fun
r;hor
 ;d a 
s s;s st
s;ies
l;fl
a s;a st
o;'s no
LLEN JOCK #;LLEN JOCK #1
Vanessa ;Vanessa a
E;ET
Barry;and Barry
a;ssa a
f ;f w
ate;ate 
r;fr
is ;is p
e;h the
o;e to
ho;hop
 f; fl
o;k to
o;cho
N JOCK;LEN JOCK
e;ep
, ;, g
o;r ho
s b;s ba
 ;ting 
got;got 
s;ing s
 ;e of 
TE;TER
o;ot
,;s,
e;he bee
nd ;ck and 
don't k;don't know
ea;ear
f; af
y;May
of;off
p;sp
e;one
int;Point
t;omet
 ;ve a 
p;p 
p;pr
ap;aps
I'm ;I'm not 
g h;g hi
l;eel
ho;how
o;'m so
ide;ide 
fa;Barry! Breakfast is ready!
o;Jo
h;oth
r an;r and 
 ;ed 
 the; them
st;ste
 ;cks 
ing an;ing and 
a;am
s;his is
t;ry st
e you;e you 
 r; ri
u d;u do
o;e no
 ;Is 
 ;ok 
ec;eck
fli;flies 
e p;e po
and ;and Vanessa 
lls;lls 
ke;s like
';at'
mea;mean
s;ses
ANESSA;ANESSA:
f;af
t;yt
't;'t 
e hi;e hive
y are;y are 
the ;the n
ng h;ng hi
re i;re is
o;ot o
s han;s hand
d;d.
en ;en a
 ;e see 
L; L
pul;pull
s i;s it
l;Al
 Be; Bee
i;ffi
ll;lli
h;, th
a;s ba
e Po;e Pol
s;re is
ng o;ng on
D;Do
 li; liv
b;ll b
!;Thinking bee!
e;there
t;t it
 ;s 
e;tle
s;to s
 j; jo
bee;nking bee
r a;r a 
l;gl
e f;e fl
o;d to
e w;e wo
v; hav
wa;wat
tak;take
m;elm
M;UM
M; M
 re; res
ght;light
ple;ple 
n;ng in
 ;ment 
b;r b
 ;pollen 
 ;own 
x;ex
s;ings
hu;hum
i;s li
gh;gh 
I ;I l
(;(Vanessa 
pollen ;pollen jock
was;was 
 d; de
J;JO
es i;es in
b;he b
o;d o
!;es!
si;sin
ll ;'ll 
);m)
rt;rt 
 get; getting 
r;s our
l;feel
 ; forward in time 
l;tal
 in; in 
 ;talking 
 ;room 
w;now
t;ast
 ;s out 
E;BE
t;tt
ot ;ot o
I h;I ha
e?;e? 
a;of a
n;e an
e;nce
 ;u 
ic;ich
ve; hive
a;ou a
e;leave
a;sna
y;arry
t;tu
 ; are 
i;chi
ed;ed)
don;don't
ff;ffi
od;blood
hese;hese 
ll the;ll the 
the ;the w
th;tho
ER;ERY
ke a;ke a 
.;. 
);ng)
a;king a
m;d m
ok;oki
s; it is
a;e a
a;le a
t ;t B
ch;which
o;ck o
s;t is
! ;ry! Breakfast is ready!
a;ees a
ace;ace 
:;LOOD:
y;y 
ad;ad.
een;een 
!;re!
ng;nking
g;long
f;arry f
our ;our s
n;Ben
in;ina
Jock;llen Jock
fa;fac
r;por
 ;ls 
o; I do
a;It's a
i;ri
e;oe
a;nna
 arou; around
n h;n hi
y;They
o;pho
r;air
fly;flying
s;ets
g;eing
chi;chin
a;wa
 ;te 
K; K
a b;a be
n i;n in
king to;king to 
 know; know. 
hos;hose
s in ;s in t
f ;f h
 ;U 
 hand; hands
d;y d
 ;dn't 
nd;ndo
p; up
ug;ugh
to be;to be 
:;RY:
ll;ll.
for ;for a
i;lli
s;umans
 you ; you w
(;(F
ut;about
arry;arry, 
thin;think
. He;. He 
c; pic
le;ittle
w;dow
y; my
 gre; great
r; or
OLLEN JOCK;OLLEN JOCK #
m;cam
vi;vin
GOMERY;GOMERY:
ome;omet
c;sc
 was ; was a
 They; They 
u; ou
eas;ease
f;he f
ro;ros
ma;man
c;uc
s ; walks 
ast;ast 
on;nson
ing at;ing at 
er;flower
';They'
g;gs
 ; do 
 ;ave 
on;ation
y;, they
n ;n b
 ; s
 ca; cal
,;e,
an;Van
it;it 
 Jo; Jock
o;d no
 s; su
o;es o
ain; again
w;you w
h;at th
 ; Ken 
 ;being 
e! ;e! T
ound;ound 
e ;cene 
t;e st
C;CK
B;Bl
 ;ing 
u;, bu
 fr; fro
t on;t on 
d ;ng and 
i;poi
 ;This is 
it;it.
en ;en w
Pollen Jocks;Pollen Jocks 
arry ;arry p
i;a li
e;ut the
 ;. 
ra;rai
take;takes 
a ;a g
h;hat th
s;s s
h;es th
hea;head
ll r;ll ri
e;gre
c;a c
w; new
 li; little
ll;lle
 ;ion 
sta;star
r;e r
 ; from 
i;sti
arry ;arry a
s i;s in
,;ing,
i;vi
re ;re h
sin;sing
(The;(The 
!;Barry! Breakfast is ready!
l;e al
ir;irs
e; pe
li;light
s; ins
m;my
e;free
t;but
GE BUM;GE BUMBL
tte;tter
s no;s no 
 thi; this
s;bees
quit;quito
ting ;getting 
 lif; life
 i; in
we;we'
s;rts
and ;time and 
lane;lane 
 being; being 
 ; no 
t;d t
ati;ation
N;NG
w;o w
 i; if 
go;good
ANET;JANET
at;att
 ;at 
y; try
o B;o Barry
I';I'm 
y d;y do
 wi; wit
 ;ving 
 ; these 
nd ;ry and 
en ;en t
f;t f
.;ou.
e;ate
o;d co
R;RL
 c; cu
?;that?
u;du
o; ro
all;alls
v;leav
al;al.
i;nki
JUDGE BUM;JUDGE BUMBL
?; you?
oi;oil
f;lif
or;orr
t;ide t
n;tenn
orward ;sh forward 
 ;ee 
Y;ERY
rom the;rom the 
 of ; of m
 the be; the bee
do;do 
We;We 
n;en
o;sto
w; and w
no;t kno
o;nt o
a;es a
y;orry
P;(P
r;nter
nessa;nessa 
ss;ss 
i;do i
ee;ee.
they;they 
l t;l th
er;ere
e;Whe
on;on.
 Po; Pol
 the h; the ho
cr;cre
d;s head
U;DU
hey';hey're 
a;hat a
e;e'
't k;'t know
i;ere i
 ; of 
l;hol
le;let
d;ked
n j;n jo
he c;he cr
, ;, t
k ;k a
 I; I 
ane;ane 
s;s.
or; door
- ;- I
 mi; min
2;#2
com;comp
f;nf
t;o t
ha;hap
i;in
il;ile
c;anc
r;rg
g;ong
hro;hrough 
hes;hes 
u;lu
 ;n. 
ut;uts
 to ; to t
a;t wa
se;those
 BUMBL; BUMBLE
in;ind
e ;e u
 D; Do
and ;ard in time and 
ng ;ng h
t;ing at
 ;n his 
O;OU
A;A:
h;y th
ve;ve 
We;Wel
r; fir
 to t; to th
p;(The p
 a; ag
 fall; falls 
arry;arry.
ing ;ing w
e;Be
rie;ries
 ; n
JU;JUDGE BUM
L;Li
t;port
t; have t
es;es!
c;ur c
A;ESSA
e;e te
s;rs
e;make
i;Barry i
 ; got 
 the w; the wi
 plane; plane 
se;see
all the;all the 
He;Her
s;ines
r yo;r you
l; to l
 ; Pollen Jocks 
You;You'
:;ONTGOMERY:
n;no
up;up.
n;rain
lif;life
like ;like a
ng the;ng the 
t ;t a
 DU; DUVA:
AD;ADAM
o;nto
 the p; the plane
en;en'
pr;pra
nd ;Barry and 
You ;You k
BU;BUM
a h;a hu
B;BU
TER;TER:
l;well
ARD:;GUARD:
2; #2
s;ut s
r;rn
 of ; of h
is ;is r
a;a'
h;s on th
id;ide
at;ate
 ; and Adam 
a;tta
C;CA
don't ;don't k
 o; on
a;t ha
f ;f m
to th;to the
pa;par
ause;ause 
nd ; Barry and 
u; cou
ly ;ly i
EE;EE 
m;w m
t; the t
ward;forward
l;wel
lit;little
ver;ver 
t ;t r
the be;the bee
NE;NET
c;he c
don't;don't 
a;ed a
 Y; Yo
eah;eah.
in time ;in time and 
thi;thin
t;eat
he ;he g
 ;r. 
ng t;ng th
re; there
er b;er bu
ybe;ybe 
i; thi
ro;ron
M;ME
st;sto
o;bro
is c;is co
a;y wa
 I d; I do
ht;right
 ;s to 
mo;mok
Ho;Hol
t;ee t
right;right.
r; har
l;Bl
is ;is f
b;is b
 a ; a b
hum;human
his;his.
 han; hand
s ; Barry is 
n;er an
 no; now
 ; O
m;tim
A;(A
y ;y h
he;he 
 o; ou
rd in time;rd in time 
 ; were 
 ;wo 
inking ;inking bee
e are;e are 
l;ll
d;rad
m ;m s
ng;ng)
ea;eak
with t;with th
:;RTIN:
 ab; abo
r; tr
t;and t
ves;ves 
:;A:
d;dy
ssa;anessa
e;ave
s;sk
 from; from 
oun;ound
g;gh
he ;he m
len ;len jock
 ;en 
m;f m
nessa ;nessa a
 ;ace 
be;ber
ell;ell, 
l;ull
the;the 
h;he h
 ;re you 
o h;o hi
f ;f b
x; ex
 tr; tri
om;ome
t's t;t's th
that;that 
ward ;ward in time
e and ;e and Barry
BUM;BUMBL
g;ig
na;nat
t;int
OO;OOD
de the;de the 
 walk; walks 
d;did
ight,;ight, 
 ;ta 
 las; last 
a;anessa a
t ;t e
t;sit
e;er
t;lit
bee;bee!
dy;dy 
h;en h
ets;ets 
ti;tion
 j; ju
- W;- Wh
tha;that
ke;kes
he';he's
p;arry p
He;Hey
ow ;ow t
go;going
 talking t; talking to 
';hey'
w;ndow
n,;n, 
 a li; a little
ack;ack 
tle;tle 
 ; them 
 m; ma
king;king 
o;so
h;'s th
is r;rry! Breakfast is ready!
 ;rom the 
le;leg
a;he ba
s a;s al
s o;s ou
d; you d
ve;ver
y s;y st
s;nds
w; w
h;g h
MOOSEBLOOD;MOOSEBLOOD:
D:;RD:
 BUM; BUMBL
n;s in
a;Pa
t all;t all 
t of i;t of it
MBLE;MBLETON:
an;human
e;ing the
d;nd
n;don
n;then
ve a;ve a 
a;ee a
ng;oking
h;y h
 s; sc
M;MO
 ;ime 
 Jock; Jocks
O;OD
nd t;nd th
lking ;lking t
 ;ers 
orward;orward 
 ;nce 
ery;ery 
:; :
Bee;Bees
uman;umans
k;I k
 The; They
tur;ture
 this; this 
e j;e jo
u;o you
 ;st 
we;wel
n;, n
c; c
here i;here is
ck;n jock
o; the ho
f;fi
f;t of
 and Barry; and Barry 
ou;out
ar;arm
mat;mati
ver;very
ane;he plane
h;ou h
ruc;ruck
out of ;out of i
 ; A
the;then
 ;for 
 pa; pas
re ;re n
of;of 
DGE BUM;JUDGE BUM
o ;o f
 ;have 
 going; going 
n;lan
a; na
 it; it!
 s; si
o;do
V;VA
(Flash ;(Flash forward 
O;OS
 stin; sting
e ;e a
OO;BLOO
 ;ar 
m;um
g ;g o
b;bo
, ;, p
ide ;ide t
J;JU
 ;or the 
 ; W
OOSEBLOOD;OOSEBLOOD:
 ki; kill
and the;and the 
it i;it in
 ;ybe 
N;NT
. W;. We
yo;you
?;on?
:;2:
 wind; window
 D; DU
e ;and we 
 ;and the 
a;got a
 dea; dead
y;y)
p;y p
o;l o
ittle;ittle 
ne;e plane
from ;from the
l the;l the 
i; li
n;g on
. ;. H
r;l r
rts;rts 
 ; j
n;tan
w; how
er;er, 
to ;to m
This is;This is 
n time;rd in time
dam; Adam
re;ree
a;af
m;orm
u;Ju
i;nessa i
 around; around 
a;r ha
T; T
t ou;t out
 ; about 
hat's ;hat's a
s a ;s a b
lies ;lies o
d;read
t; St
the ;the t
in;ngin
e; we
 ;ees 
d;lood
:;GOMERY:
y;ray
han;hang
 ;can 
a;y ha
 the ; the P
d;ved
 Ke; Ken
ver ;ver t
do ;do i
l;cal
e;ef
re;re, 
y;s y
i;What i
are you;are you 
 ;That 
a;e ca
MONTGOMERY;MONTGOMERY:
 ;ss 
t;o st
 ;from 
forward ;ash forward 
w;ew
ET;ET:
len; Pollen
s ;s B
h;nd h
 ;lly 
d;w d
e;e-
ea;eas
.; bee.
l; bl
t ;t t
M;Mo
n; win
a;nd a
pe;per
e;ea
 right,; right, 
f ;ut of 
D;OD
 ; d
e h;e hu
 poi; point
I kn;I know
 ;if 
1;K #1
C;EC
d ;d s
hat ;hat a
ry ;ry h
got;gott
 ;ver 
e c;e ch
ook;ook 
Adam;ry and Adam
d ;s and 
o;king to
a;ar
s like;s like 
TON:;UMBLETON:
u;au
 ;hy 
T;ET
a; in a
 ;ght, 
 bo; bot
a; bea
 rea; real
w;ellow
t;be t
 th; thr
h;ng h
eady;rry! Breakfast is ready!
oing;oing 
nd a;nd an
ee;ee-
ry and ;ry and Adam
i;a i
a; pa
v;iv
e P;e Po
a;pla
ot;oth
 The; The 
e ;es are 
ppe;ppen
 ;ome 
AR;ART
d;udd
 h; hi
s;vers
w;g w
I;- I
n;ivin
i;of i
e;The be
ONT;ONTGOMERY
c;r c
h;ah
s;hos
r;stor
rig;right
ks;ks 
cr;cro
y;very
Barry i;Barry is 
you ;you g
y;way
.;eah.
blo;blood
 ;other 
i;nd i
 Yo; You
i;rd i
 ;? 
c;n the c
c;ic
st ;ry! Breakfast is ready!
d;ead
g i;g in
t;ar t
de;dea
h;n h
n;'s n
 ; B
 all th; all the
LO;LOU L
s p;s pa
e; plane
's ;ere's 
T;TO
t d;t do
n;open
 ; get 
dn't;dn't 
 ;de the 
e; of the
 you ; you s
 get; get 
pe;pec
s s;s sh
 ;od 
e t;e th
have t;have to
 kno; know
h; all th
 gott; gotta 
.;ee.
d; I d
n;r n
ssa;ssa)
ing be;ing bee
e;time
int;inte
G;G:
 ;were 
KE;KEN
w;law
n;re n
e;ole
 can; can't
E BUM;E BUMBL
a; sta
 ;ng to 
ide;tside
uld;uld 
 ;ries 
h;nd th
?;me?
h for;h forward 
ou;, you
?;? 
OSEBLOOD;OSEBLOOD:
w;how
n th;n thi
e ;e l
ng i;ng in
 ;And 
a; the ba
t;got
 n; no
 he; her
 g; go
ell;ello
ly ; really 
am;ame
h;t h
h; on h
E;DE
E;ER
ro;rop
sti;still
s;ens
ea;ead
loo;look
uld; should
N:;TON:
ing ;ing i
Wo;Wow
ld ;ld i
i;ed i
ay;aybe 
ou;ou, 
 ;fly 
c; the c
ke;ike
l; all
t;ot t
l;l,
t;ourt
sa;sa)
e;ove
I w;I wa
nd; around
a;in a
ou;oup
ok;oks 
a;ap
ant;ant 
t an;t and 
 ; and he 
e;e 
nte;nten
b;er b
 sm; sma
m ;, I'm 
P;the P
in time;forward in time
 ;ork 
n;rn
d I;d I 
ld; could
w;a w
and ;(Flash forward in time and 
D;DE
 where; where 
Jock;ollen Jock
d;ad
P;EP
m;g m
i; fi
a; ba
 ;nking 
s;ons
ith the;ith the 
SSA;ANESSA
he Po;he Pol
tw;two
ower;owers
eady;arry! Breakfast is ready!
N ;N J
flow;flower
ARRY;ARRY=
ve;ven
hi;hive
ands;ands 
hon;hone
K ;K #
 t; ti
a;ba
o;e wo
len Jock;len Jocks
ng;ng?
e;t of the
ly;lying
ing ;ing u
 ; e
e; Ke
P; the P
t of th;t of the
 ;on 
y ;y i
on';on't
L;RL
r th;r the
E BUMBL;E BUMBLETON:
 ;em 
 fe; feel
e;eg
g ;g a
:;NTGOMERY:
 ;d be 
i;avi
c;nic
i;y i
t's ;t's g
we;wer
ver t;ver th
ng hi;ng his 
o; po
e s;e sh
'; it'
anessa ;anessa a
t;t's t
R; R
a;na
 ;n't 
 do ; do i
e;ease
ut;ute
k u;k up
ee;eel
ope;open
o;ito
 ;has 
e;ide
co;cou
 ;ng on 
e;n't be
nes;ness
, ;, s
an;ane
);ry)
b;by
a; la
s;ry s
o;ve to
 ;ore 
 st; sti
po;poi
 ;So 
s ;s s
he ;he t
 ;up 
d ;d I
 He; He 
nd ;nd i
! T;! Th
u;Ou
's ;'s t
l;mil
Thi;This
=;BARRY=
.; time.
:;VA:
 Adam; Adam 
ll; kill
or;ork
the b;the be
a;a)
d ;n and 
LEN JOCK #;LEN JOCK #1
 c; ch
 ;to 
me ;me and 
y;rry
e;de
ck;Jock
 ;thing 
(T;(To
w;nd w
y ;y t
t; lot
 ;Pollen Jocks 
o ;talking to 
hing; something
s;s)
k;ick
ng a;ng an
der;ders
rry ;rry a
s;len Jocks
ee;ee, 
 no; no 
ER;ER 
s; pas
o;the co
e;cre
A;Al
ac;act
a;sa
 ;like 
or the;or the 
 the b; the ba
c;fic
 into ; into a 
.;here.
w;u w
e';e's
, ;y, 
u;cau
 from the; from the 
Barry ;Barry s
got ;got a
y ;y w
ta;tar
he ;he r
This ;This is
and ;and c
k;ek
be;being
y;dy
B;r. B
d in;d in 
h;l h
w;w 
p;k up
t;ct
g.;g. 
u;up
 ;nt 
I k;I kn
t;w t
ry a;ry and 
V;Van
RTIN;RTIN:
i;if
 ; human 
arry; Barry
- Th;- Tha
s ;s o
r; wor
:;ET:
w;w w
 m; mu
a; got a
 ;Bees 
n to;n to 
s;ness
N;RTIN
h forward in time ;h forward in time and 
and ;and Adam
ey;ey 
- What;- What 
i; whi
It's ;It's a
h; th
r;ner
arou;around
na ;onna 
ld;ould
re no;re not
ett;etting 
t Barry;t Barry)
 ;could 
 little; little 
e ;nd we 
 ha; har
t;court
q;qu
t;k t
s;re s
a;ave a
s to;s to 
u;atu
(Barry;(Barry 
T;ART
a;ting a
 ;ith the 
o;o.
 ;h a 
B;Bu
!; me!
G;GE
th;om th
ri;ris
v;liv
a;eca
ing; doing
e;his he
at ;at Barry
ke;keep
n an;n and 
e;pe
o;flo
n;cen
l; pull
?;here?
y;d y
 ;as 
 ;ne 
j;ju
s;mes
bout ;bout t
ni;nin
l;lm
lk;lking
ade;ade 
a;be a
ing i;ing it
 d; di
essa; Vanessa
 and ; and Vanessa 
 ;Adam 
?;ere?
l;le
 ba; back
);r)
m;t m
 off; off 
ing;being
a;se a
 ;e is 
he w;he wa
t m;t me
lo;the flo
e; the bee
e;ene
 ;ng the 
s ;s g
 of the; of the 
 ;want 
u;um
, ;Barry, 
e;re
y; y
O;OR
u;stu
 gr; gre
e ;scene 
o ; talking to 
ft;fter
T;RT
e;'s the
at; what
 ;ney 
, ; know, 
b;tab
- ;- A
 to ; to g
e; live
e ;e h
s;bus
o ;o a
a;is a
n;tin
ugh;ugh 
 ; all 
d;und
.;..
a;with a
o; fo
ow;ow.
e ca;e car
s;ass
t;he st
 t; to
b;bi
o; Jo
r;under
t of ;t of i
y;n y
hat i;hat is
:;OSEBLOOD:
ar;ark
lk;lk 
, th;, the
 JOCK; JOCK #
!;it!
 pl; pla
ve ;ve n
.; right.
r ;r n
d ; And 
 we; we 
, ;, c
g;gu
g ;g w
 ;akes 
h;f h
 pol; poll
 hav; have
l; hel
as a;as a 
 da; day
 ;ould 
ing;othing
y ;y o
S;IS
TIN;MARTIN
ss;ssi
 ; her 
r;orr
 ; at the 
ny;ny 
ag;age
you;you?
l;al
all ;all t
k;think
s; bus
 ;oor 
t;ust
t w;t wh
a;e fa
NE;NESS
ight;ight,
n;On
gomery;tgomery
 do; don
y a;y ar
l;e l
D;DU
ee;ee 
 ;rs 
at;s that
k; think
 bee; bees
Hone;Honey
e;y are
d y;d you
o; roo
 ;ollen Jocks 
t;hot
e;hose
n;n)
n; fin
he Pollen ;he Pollen Jock
g;, g
e;'t be
 ;ow 
 ;uck 
s;ues
BUMBLE;BUMBLETON:
v; ev
s;t this
r; str
n;the win
e;he e
 on the; on the 
d;dr
 ;to do 
el;eld
 ;what 
a ;a r
l;the l
than;than 
w;, w
on't k;on't know
s;ou s
 ;uld 
oom;oom 
 ; "
m ;m not 
re ;you're 
o;o!
 ;y a 
mok;moke
s ;lks 
el;ell
ADAM;ADAM:
arry;o Barry
 ;no 
e n;e no
n;t in
is h;is he
e;l the
 ;rry. 
ime;n time
es ar;es are 
:;OD:
som;some
Pol;Pollen
on ;on t
GOMERY;TGOMERY
arr;arry
he ;he h
d ;d a
Th;The
 bal; ball
 ri; right
No;No.
n;ny
Adam;and Adam
e's;e's 
 and ; and h
h; and h
.; you.
Can;Can 
 ;th the 
ce;cen
 l; lo
wer;wer 
't;can't
 ; over 
e;ase
m;o m
 #;LLEN JOCK #
A;BA
us;ust
t;t t
(T;(Th
es ;es a
y; day
m ;m i
w;t w
ah;ah.
en;end
hey;hey'
w;new
o;llo
i;to hi
s;les
se;sel
I';I'll 
 pr; pre
s that;s that 
.;ck.
re;ren
rea;rry! Breakfast is ready!
oi;oin
met;meth
 ; this 
The;There
 har; hard
en;en,
b;bu
S;Sc
f;e of
us;usi
u; pu
e;es the
 #;OLLEN JOCK #
ere ;ere t
nee;need
e;ire
 ;anessa 
 ;d in 
 JOCK #1; JOCK #1:
c; sc
y;ay
ard in time;ard in time 
poi;point
now;n't know
Vanessa ; and Vanessa 
t;to
low;lower
t; That
t;ent
he f;he fl
h;hu
d;ond
 a ; a f
 ;ies 
ess;essa
me; home
G; G
c;f c
s ;s m
l;ell
(;(S
r;har
e in;e in 
Barry;Barry)
f;ry f
's ;'s a
little;little 
of ;of h
on;ond
e; me
ing;ething
 ;our 
ng be;ng bee
h;lash
d; to d
is r;Barry! Breakfast is ready!
i;di
 clo; close
#2;#2:
nto ;nto th
l;lo
to;too
 ; m
(;(B
o;lo
g; big
hat ;hat h
p;, p
t;tl
s on th;s on the
 in; int
d Barry;d Barry 
e t;e to
s ;s y
S;OS
tar;tart
for the;for the 
o ;o p
e wi;e with 
 L; LI
, ;arry, 
, ;u, 
 b; br
e ;e I
's ;'s o
eca;ecause 
ie;ien
 the ; the n
ward;orward
y';y's 
oo;oom
gs;gs 
h;a h
i;bi
 ;ly 
he bee;he bee 
ove;ove 
v;rev
s ;y's 
sor;sorry
qui;quit
a;hey a
ry s;ry st
, ;h, 
 ;im 
a l;a lo
a;nessa a
s;wers
s he;s hea
y; guy
 sn; sna
o;ok
o;to
en Jock;en Jocks
in;inu
you; are you
e w;e wa
sm;sma
 the; their 
h;k h
he Pollen Jock;he Pollen Jocks
p o;p out of 
S;SA
d;ow d
g;go
go;gomery
 ;es the 
r;ri
ab;abo
 ;so 
g be;g bee
f;fr
Ar;Are
 ;it. 
LEN JOCK;LEN JOCK #
ble;ble 
 is ; is t
g o;g on
D;LOOD
let;let 
dow;down
 ;let 
d;eed
B;, B
rea;read
s r;s re
w;r w
G;Go
f ;f c
ing a;ing at
 go; going
ar;ars
POLLEN JOCK #1;POLLEN JOCK #1:
t h;t ha
d;hand
s you;s your
bee;hinking bee
s; is
o;s to
at;great
l;rry fl
bee;inking bee
n;ollen
D;ND
r; stor
it';it's 
en ;en j
rea;arry! Breakfast is ready!
and ; in time and 
ge;get
 ;t do 
r;Ar
m; sm
a;was a
 ;ot a 
er t;er th
b;ab
be;bea
 the ; the d
A;MA
w; aw
f;r f
I;! I
 to ; to l
e ;e g
K;K 
e;er the
o;who
eat;eat 
thin;thing
e ;e m
s;ms
ur ;ur h
S;- S
're ;'re a
.;ight.
I ca;I can
c;sec
 ;d. 
a;n a
t thi;t this
He;He'
m;hom
her;her 
y;y.
n't ;n't k
t; st
u;bu
ir ;their 
No,;No, 
t;s int
#;CK #
f;fo
t ;t i
g hi;g his 
o; bo
.;p.
O;On
e l;e li
, but;, but 
h;re th
l ;l d
 my; my 
He;He 
 got; gott
 ;her 
me;mes
di;din
s ;s n
(Flash forward ;(Flash forward in time
d;uld
 b; bu
';'ve 
he ;side the 
n;pin
k t;k to
v;driv
sta;stan
it;ite
p;ip
r;ra
a; be a
hom;home
u;qu
t;all t
s;sn
, ;ow, 
 v; ve
a; I ca
o;tto
u ;u s
s;st
 ; what 
i;usi
r; ar
't ;'t k
ver; over
Barry;at Barry
Jock;n Jock
, ;w, 
s;Jocks
l;s fl
:;OR:
y;l y
ott;otta
o;he ho
s it;s it 
o;roo
n ;n c
 Pollen Jock; Pollen Jocks
u;ul
and ;sh forward in time and 
on;sion
is;is.
r;str
's ;here's 
ant;ante
ll ;ll t
ea;eav
 thi; thin
ur;urt
SEBLOOD;OOSEBLOOD
f;sh f
 fly; flying
I think;I think 
h;o th
's;'s 
S;ES
k;ook
y;ny
 ;e it 
 all; all 
y;nd y
E;BUMBLE
p;mp
 th; thi
he ;he f
 to; too
D;BLOOD
 ; t
e fl;e flo
 ;ssa 
 ;This 
BL;E BUMBL
Y;. Y
UM;UMBL
h;ur h
es an;es and 
 fl; fly
nking bee;Thinking bee
e;ine
t f;t fl
re ;re i
a;ua
2:;LLEN JOCK #2:
r;inger
the wi;the win
 ;We 
ll ;ll y
B;o B
ll ri;ll right
c;ec
you;f you
t;to t
 is; is 
a;Tha
your;your 
d o;d on
an;an 
OLLEN JOCK #1;OLLEN JOCK #1:
t;not
n ;n y
g; g
 a; an
n your;n your 
 ; have 
 the c; the co
ou;ould
 much; much 
 ;s. 
t;. It
n ;n m
l;Wel
 ;ot 
im;im 
e; pre
n;rien
r h;r ho
O;OCK
b;le b
e; le
ow;window
l;a l
nt; point
 ;l 
arry ;arry l
a;ly a
b;of b
.;you.
ere;ere?
 ;Jocks 
l b;l be
e;ape
ab;able
- ;- T
h;(Th
.;ow.
?;ng?
 ; on 
a;ea
 ;ause 
 no; not
-;e-
e;ake
u; gu
w;yw
a;rs a
a;wea
 bu; bug
m;hem
 ;s of 
, ;, n
Y;Y=
o;the Po
e;pre
L;LA
r;ever
J;Jo
o;m o
k;mok
smok;smoke
 mu; much
i; i
nt;point
 l; le
 l; la
o;wo
o;s go
essa;essa)
t;d in t
 ;ll the 
c;Sc
e; ge
h;'s h
 gr; gra
y; any
n;down
as;ash
E;ANE
,;ng,
oll;olle
in;ing
d;de
e;use
t;es out
le;able
es ;es h
TON:; BUMBLETON:
e h;e ho
j;e j
(B;(Ba
f;Barry f
y;t y
ve;ved
h;, h
y;ally
 our; our 
e;lane
win;wing
ime;in time
y ;y e
 li; lif
w;llow
 s; so
ve ;ve a
un;unn
ollen;ollen 
y;yt
e r;e ro
a;h a
 f; fr
S;Sh
';'t
s;sm
o;abo
s;pas
 up; up 
e;ze
ry;ry! Breakfast is ready!
lo;los
S;So
 ro; roo
re ;re w
e;tche
ti;tin
 tur; turn
nd ;nd Barry
 BUM;GE BUM
ou; arou
Barry;e and Barry
pin;ping
ng;ng 
ari;aring
s;ere is
 ha; hap
f i;f it
Do;Don't 
or;t for
t;an't
s;sc
, ;Yes, 
s;llen Jocks
l;Barry fl
r;hear
otta;otta 
d;t d
h forward ;h forward in time
arry;arry)
akes;akes 
f;d of
s hi;s his 
s ;takes 
ok;oke
ow;ows
d;id
e m;e mo
the ;the P
 about; about 
 ;rward in time 
u;a hu
 C; CAR
es;es?
:;EN:
s;ions
K;OK
it;it!
 ;d Adam 
arry;t Barry
l;I l
 hea; head
l;a fl
e poll;e pollen
f; off
.;arry.
e;d be
ee ;ee t
ick;ick 
igh;ight
a;e la
 ha; has 
v;liev
ra;ray
y;ody
I;IN
y h;y ha
 ;ve 
.;right.
 ;ks 
p;up
g ;g t
be ;aybe 
ad;ady
do;don
y i;y is 
 the P; the Po
N JOCK #;N JOCK #2:
 ;this 
d in t;d in time
ward; forward
ffee;coffee
y t;y th
 go; good
them;them 
 t; tr
t;last
r;ry
se; those
Bu;But
and ;and Barry
 sto; stor
a;ring a
the ;the p
usi;usin
a;Ta
l;to l
ay;ay.
e;He
LE;LETON:
i;o i
T;. T
und;unde
c;, c
you ;you c
len;Pollen
lash forward in time;lash forward in time 
y an;y and 
 a ; a t
now;'t know
nd ;k and 
he ;he P
e i;e is
r;sor
 ;hinking 
 ;uman 
ok; smok
ke;ked
K #;K #2:
(;(A
 know; know, 
OL;OLLEN JOCK
a;essa a
t;do t
n;nin
with ;with t
o;og
 ; that 
l;lf
g t;g to
u;es ou
T;TT
 t; tw
g a;g at
AN;ANE
 ;art 
:;JOCK #1:
k;e k
s; us
e;tte
 ;alking 
 to ; to a
o l;o lo
u;pu
ow;ow!
s;ews
k i;k in
oney;oney,
in;gain
s;n this
ome;omer
ro;row
E;E 
ers;ers 
e honey;e honey 
in time;Flash forward in time
 ;ith a 
k;ark
 tho; thou
b; b
re ;'re 
now.;now. 
 ;gh 
 Barry; Barry)
s o;s of
m;ms
r;rl
u; tru
t a;t an
ngs;ngs 
hat t;hat th
r;cr
 m; me
meth;mething
 cl; clo
d ;d b
t ;t w
as;ast
l;e Pol
 Hon; Hone
r;ther
fu;ful
the;ff the
Wh;Why
s;r s
thr;thro
i;hat i
st;sti
wa;wan
 aw; awa
rry;rry! Breakfast is ready!
ard in time ;ard in time and 
OCK;OCK #
d;dd
E;EP
y;Why
to ;to b
CK;JOCK
f ;f you
unde;under
te;ted
g;ou g
 Thi; Thinking bee
 ;t's a 
r t;r th
Yo;You
y;y, 
e;ev
n; then
rry;Barry
 ;ce 
EBLOOD;OSEBLOOD
n y;n you
h;and h
o;k o
a;or a
wit;with
ar;aro
fl;fly
ing t;ing to
o;oa
k ;k o
 ;t on 
No;No,
f;fl
 k; ke
e;s re
on;ont
st ;st o
ward in time;ward in time 
s; was
PO;POLLEN JOCK
ARTIN;ARTIN:
can't;can't 
sa ;sa a
i;t of i
t;ly t
o,;o, 
ness;nessa
et;ete
y t;y to
 ; they 
u;u.
re;re 
LEN JOCK #;LEN JOCK #2:
fro;from
 pic; pick
t;it
t;nd it
rward in time ;rward in time and 
os;oss
g;ing
m; them
A;SA
w; law
DGE BUM;DGE BUMBL
t;t st
n ; been 
OCK; JOCK
h;s h
 ;work 
hing;omething
h; of th
n;ing on
r; ver
, w;, we
o;Go
i;and i
gue;gues
y ; very 
e go;e got
!;ng!
re th;re the
len ;len Jock
a;I ca
he bee;he bees
c;ce
his ;his i
hear;heard
l;kill
rea;real
he Pol;he Pollen 
is i;is is
er b;er be
BLOOD;BLOOD:
 fly; fly 
t thi;t thin
ge;ge 
E;EC
s;rry s
nd;nd 
i;e di
ng ;ng i
ans;ans 
you ;you s
 to h; to hi
here ;here i
er;after
ep;ep 
EN JOCK;EN JOCK #
h;to th
kil;kill
e;ree
a;loa
 eve; ever
He';He's 
ouldn't;ouldn't 
ight;ight.
e;ie
w;low
ic;ica
 ou; our
of ;of m
you;you 
a;e ma
d;head
hat ;hat w
f; the f
B;e B
Vanessa ;(Vanessa 
's the;'s the 
squi;squito
do;doing
VAN;VANESSA
A;NESSA
and ;ime and 
s;'t s
into th;into the 
r ;r o
 a ; a l
 go; gon
,;ight,
ollen ;ollen jock
 in ; in t
t;quit
K;Ke
di;did
o;Yo
b;n b
o;o do
u; hu
e;r be
at';at's 
o;s no
!;hinking bee!
 ;nd he 
 right; right 
a;like a
u;e ju
BL;UDGE BUMBL
is ;is n
h;e wh
 ;than 
a;da
 ;s up 
ould;ould 
i;ki
a ;a m
bl;ble
s ;s h
 ;and Barry 
wi;wit
e; Ne
! ;rry! Breakfast is ready!
. ;. W
 do; door
 ;lls 
c;is c
hink;hinking
nte;nted 
e b;e bu
p;ry p
ry;sorry
 ; who 
s;is
no;now
o; no
es,;es, 
ter;ter 
r; cour
e ;e k
 w; wi
th th;th the
el;elp
ard i;ard in time
 ; time 
d t;d th
is t;is th
nd th;nd the
h;e sh
wal;walk
de ;de t
win;wind
.;t.
s;, s
Vanessa;Vanessa 
it;ke it
ght;All right
R;R 
L;OL
B;s B
r;your
p;pu
gu;guy
 work; work 
s;ders
now; don't know
a;as a
ve;ve.
OLLEN JOCK #;OLLEN JOCK #1
 ;hes 
i; tri
SE;SEBLOOD
t;t'
y; say
e o;e ou
n; hon
a;e ba
f; to f
t;es t
m;ma
f;the f
ni;nic
l;kil
y;ye
hat th;hat the
y;yo
 ;still 
 a ; a h
';'ll 
e; eve
bl;blo
 ;p 
i;e ti
in;ine
t;ett
a; ta
 ;len 
n;ns
s ;ooks 
t;s in t
u;ub
and he;and he 
o;e flo
s;oss
 ha; had 
 ; see 
at th;at the
!;g!
he w;he wi
re;Where
 about ; about t
s;ces
 ;orward in time 
N;NE
t; want
(W;(We 
ea;ean
ly;ly, 
 ;e's 
es;ese
ash ;(Flash 
s c;s ca
re;ret
bea;bear
ar;arr
one;one.
lo;lor
h;ver th
 ;ng, 
a;ag
ou h;ou ha
r;wor
o;t o
ld ;ld b
 K; Ke
,;l,
, ;m, 
he ;ide the 
ial;ial 
o;'s o
or;ori
Are;Are 
ne o;ne of 
 liv; live
sh;sho
re;re!
n ;n i
E;KE
ri;riv
lking;lking 
pen; open
a;essa
I'm s;I'm so
);e)
s;ss
h;eh
e;ace
h;ts h
back;back 
:;S:
thes;these
a; Tha
 wor; work
t;t in t
n;fin
s;aves
o;g to
and t;and th
f ;out of 
a; ra
o;Ro
t;ke t
e b;e ba
e see;e see 
t;te
 ;s not 
 the ; the p
r;s r
gi;girl
ls;ls 
m;ng m
 ;he 
O;OK
ol;old
s;e Pollen Jocks
!;ing!
:;ON:
 ;of 
ve ;I've 
o;s o
Ke;Ken
 ; down 
and ;and f
 ;ck 
v;av
o;oo
r; star
n;unn
o; do
SS;SSA
 t; te
av;ave
d;end
rry;(Barry
I ;I s
! ;arry! Breakfast is ready!
the ;the c
. ;. T
e;s the
 right; right,
ng ;ng s
 have; have 
d a;d a 
 ne; new
 ;d he 
hen;hen 
j; j
e;es
king ;king b
o; yo
 ;EE 
 si; sit
e;d we
 ; L
ll;e poll
 into ; into th
A;DA
 ; want 
a;Barry a
d;e wind
g;nting
d;old
i;n i
 ;ns 
hat';hat's 
lane;the plane
you';you're 
 it; it.
g an;g and 
en;en 
:;OOSEBLOOD:
d; head
ta;tai
bo;bot
nn;nni
s;ys
:;K #1:
e; the
h;hat h
co;coffee
e is;e is 
e a;e an
?;s?
 know; know 
ime;ime.
 to be; to be 
he c;he co
k;ou k
pa;pas
 fr; fre
d;d)
t o;t on
 a little; a little 
e ;e t
ry fl;ry flies 
ch;chu
a;as
 Pollen ; Pollen Jock
no;not
ving;ving 
ie;iev
,;ney,
e;trie
ne;ney
he ;he w
r b;r be
 ;know 
re;red
you;you'
ea;eam
oo;ool
u; bu
de;de 
 ;where 
s;lls
u;bou
bu;buzz
his ;his t
m;he m
a;sa a
i;ike
ou ;ou k
e ;e s
';ey'
o;o o
's ;'s s
a;era
l; pl
h;with th
e;come
r;ll r
 you ; you d
 at th; at the
 ;your 
 in th; in the
 ;going 
i;ai
lli;llin
 Y; Ye
o;blo
n;stan
 ;just 
g;ug
o;Do
?;ing?
 ;ying 
nd ;nd y
e;ute
o;ndo
h;our h
's t;'s th
 ;oom 
ar;are
m;mp
TO;TON:
es o;es ou
g to;g to 
e;some
 wi; wil
ov;ove
ke ;ke a
 ;she 
c;inc
a;for a
 t; th
E;UMBLE
ly ;ly t
g;g!
in;azin
RRY;BARRY
g;I g
 ha; han
T;NET
ook;ooki
r;e cr
on;onna 
ff ;ff the
Jock;len Jock
han;han 
a; you a
ks ;ks o
g;nig
.;in.
eliev;elieve
st ;rry! Breakfast is ready!
es to;es to 
s back;s back 
 loo; look
o;y to
 could; could 
the h;the hu
up ;up a
uch;uch 
n't ; I don't 
ha;hat
D;DA
r;r)
BL;JUDGE BUMBL
n; con
en,;en, 
h;es h
F;Fl
o you;o you 
 You; You 
get;get 
a;ra
s;des
e;home
r b;r bu
b;s a b
 ;otta 
ly;eally
 ; V
le;le.
t; hit
it;itt
s; humans
c;e sc
s;ws
rs;rs 
t f;t for
t;t,
 ;e? 
s;e bees
ing;ing 
you;nk you
a;at a
m;sm
 ; his 
use;use 
 ;s in 
s;Pollen Jocks
d ;e and 
t;rt
about ;about t
b;bs
is;ish
t;y t
e; ne
ou;t you
 do ; do you
?;u?
f;e f
!;m!
 ;ose 
d ;d w
now;now 
ou;oun
t;put
n;sten
is;ise
a;I ha
T;TA
 ; bees 
to the;to the 
ht;ht 
 #; JOCK #
er ;er t
o;bo
 ;n your 
i;ia
e d;e do
 a; aw
 ;m 
c;nd c
m;som
nd Barry;nd Barry 
ING;ING:
r.;r. 
BLE;BLETON:
 ;I think 
l; l
 ;at's a 
hic;hich
a be;a bee
:;T:
e;t he
a;ay
s ;ng his 
, ;Yeah, 
go;got
om ;om th
); Vanessa)
r the;r the 
llen ; the Pollen 
in time; forward in time
h;m th
); Barry)
a;ng a
ta;tal
me ;me t
 I ; I g
to ;to h
 ;icks 
s ;lies 
ee;ee!
ip;ipe
e;s e
e;Ne
 ; up 
s;the s
s;nd s
 ; could 
The;The 
got;'ve got
k; tak
is;is 
in;in)
 the ; the f
e;hese
he hi;he hive
, ;know, 
ta;ta 
r;tir
ist;isten
 la; land
n;appen
ca;cal
,;t,
at;at.
ut;ut.
the h;the hive
 ;oes 
 re; rea
sid;side
s ; it's 
t th;t thi
the ;the l
ra;raz
e;is he
m;am
CK;OCK
d; the wind
t;ist
e ha;e have
ur l;ur li
a; wa
v;eav
l;e all
ll;lly
 ;sn't 
look;looks 
a; sna
 ;t all 
a; that a
h f;h fo
m;room
ry ;ry l
e; in the
right;right 
ur;ur 
y ;y b
ue;ues
my;my 
a;ara
n;min
L;LL
s;was
st ;arry! Breakfast is ready!
ON:;ETON:
t was;t was 
l;rry l
g; sting
B;(B
bl;bla
e it;e it 
GE BUM;DGE BUM
S; S
g;t g
Jock;Pollen Jock
r;n your
ct;ctor
e;oke
e al;e all
o; abo
oing ;oing t
 ;Bee 
u;s ju
M;BUM
 ;essa 
re ;re you
 so; so 
nn;nna
i;ng i
e;nd he
 ;ocks 
re;rea
n;len
a;rea
e bee;e bees
h;out th
r;wer
y;o y
p; a p
 ;are you 
p;is p
with the;with the 
 ;e Pollen Jocks 
h; ch
s li;s like
 te; ten
len Jocks;len Jocks 
e;l be
ma;mag
me;me?
e;el
N;ND
 ;, I 
o;have to
y;they
a;er a
d ;d p
ho;hot
t;tart
d;e d
 pollen; pollen 
s;ollen Jocks
 I; I'
.;...
h;n't h
e; he
e;ose
he be;he bee
ve ;'ve 
t l;t li
 ;To 
,;en,
s t;s th
 ;tta 
. ;a. 
human;human 
e ;into the 
alk;alk 
ng ;ng m
o;eno
s.;s. 
. I;. I 
p;pa
a; cha
mer;mery
s; flowers
SS;NESS
d o;d ou
v;ve
 li; light
n't ;n't b
k;lack
an ;an a
 I; Is
 we; wel
out ;out a
we;wea
r;sur
t;a t
ke;like
l;lk
 w; we
 ;much 
s;s 
g;y g
i;l ri
 ;ear 
e ;e P
y;try
body;body 
s;thes
!; bees!
u ;u a
d;d 
d;a d
 ;y are 
u;ua
 ;how 
:;EBLOOD:
 ; a little 
b;job
e;she
m;I m
St;Sti
n;an
m;im
e d;e di
m;from
 gi; girl
te;tea
 ;ollen 
talking t;talking to 
en;eno
NTGOMERY;NTGOMERY:
 ;s your 
s;aps
t;t)
f;st f
ETON:;E BUMBLETON:
s;gues
';on'
ard;ard 
me;me.
e that;e that 
and ;me and 
a;ve a
t ;t m
t;But
 re; rem
r;tor
s ; gets 
other;other 
Y;Yo
s;ocks
t ;t g
b;t b
s; dis
nd Adam;nd Adam 
rd;rd 
spe;spec
 s; sp
,;o,
l;eal
l;ill
 J; Jo
RY;OMERY
g;o g
you ;you a
ati;ating
n;pen
t;have t
o;co
i;oi
am;ama
 ;ning 
a little;a little 
 ; Bee 
ng an;ng and 
a;an a
o; lo
a;cra
si;sit
b;eb
:;G:
r; sur
s;eas
 ;human 
nd ;nd w
t;t 
dam;dam 
a;u ha
o;the ho
i;es hi
and ;ack and 
 ho; how
ac;ach
as ;as t
 ; don't 
d ;er and 
lo;low
um;umb
 ; talking 
y;eady
e;ec
d;ood
 ;lane 
o;, no
e; have
 ;Pollen 
.;hat.
ht;ht.
t;ict
F;(F
 ;n 
r;er
d;ward
f;fa
K #;K #1
 in; ins
ut th;ut the
it ;it i
re ;re s
tab;table
h; on th
 ;ff 
h;is th
h; Wh
c;hic
ng at;ng at 
o;od
to h;to hi
 al; all
S;ESS
 with; with 
t g;t go
our ;our c
d ;nted 
ght;l right
 hap; happ
 ;e are 
o;o 
if;if 
t;ts
en Jocks;en Jocks 
 ;ing at 
bee;bee, 
CK #1;CK #1:
ith t;ith th
B;t B
p;hap
 ; M
s; the bees
T;To
e;che
Vanessa ;Vanessa i
t;ere t
ns;nson
e;ke
n;kn
p; help
nd ;nd h
 ;see 
re you;re you 
 ; work 
ten;tenn
h;ut th
e;Hone
e ;e i
e;ive
o; the Po
s; Pollen Jocks
o;re no
- ;- W
n;usin
 ;er the 
 ;re 
rry;rry.
 in the; in the 
 Barry i; Barry is 
Adam;Barry and Adam
y ;y s
w;wn
r;oor
pu;put
 ; me 
o; loo
ght;ll right
:;AM:
y; They
o;y o
#1;#1:
ide;utside
l;pul
r;ter
A;SSA
ha;han
 st; sto
H;Ha
s ju;s just 
o;o so
s th;s the
 into th; into the 
ot ;ot t
E;NE
s;ps
s ;s l
);l)
 dr; dri
a;and a
 but; but 
S;S 
mp;mpl
);lane)
s;s this
LLEN JOCK #;LLEN JOCK #2:
 #;EN JOCK #
s;lass
 ; flying 
rs;rst
do ;do t
. Y;. You
.;d.
th;nto th
e;e se
ocks;ocks 
est;est 
ni;nig
lying;lying 
at;what
 flies ; flies o
E;ME
nd ;nd t
quito;osquito
e;ore
 ; a 
 ; my 
 ; be 
t; that
 ;e bees 
AN;AND
ers;ers, 
e;se
 ;is 
:;OOD:
 Th; Thi
t h;t he
 B; BU
s; this is
 of; off
fa;ry! Breakfast is ready!
t; sit
lie;lies 
ap;ap 
bel;believ
 ;ate 
e;t the
ok;y look
s j;s ju
k;ock
d ;d d
o;st o
BLOOD;EBLOOD
s of;s of 
al;alk
as;as 
E;TE
POLLEN JOCK #;POLLEN JOCK #1
k;work
o;- No
 ar; arou
O;OO
p;ph
 c; ca
l;ul
ro;rom
 de; dea
 the Po; the Pollen 
g;thing
ud;udd
rry i;rry is 
o;e co
g;og
y;Honey
nt t;nt to 
ower;ower 
n;n.
lie;liev
 ;or 
t's ;t's t
I ;I d
ent;ent 
r;ler
 a; at
n hi;n his
ey;ey, 
Jocks;Jocks 
 ;ess 
t;mat
re ;re g
 bee; bee.
 ;the 
nl;nly 
ry;ry)
i;t hi
 ;na 
y;uy
o;t to
I don't ;I don't know
a;ai
t;ll t
They;They'
n;dn
t;reat
DU;DUVA:
r;ro
s ;s i
re;rep
a;Ba
o o;o on
h;ke th
ok;ok 
a;k a
el;eli
ke ;ke t
t;with t
g;ge
i;oti
k; talk
s;uts
f; and f
N;ARTIN
 got ; got a
l ri;l right
 ; hand 
t;'t
m ;'m 
E;BLE
ge;ger
b;be
round;round 
y;ll y
! ;Barry! Breakfast is ready!
 and ; and Barry
 ;d to 
right;right,
 gon; gonna 
ing;talking
he ;he b
still;still 
st;stu
ap;app
e;Se
can;can 
 and ; and f
i; si
RR;RRY
.;..
sa;sa 
s;sw
i;ll ri
s;'m s
 this ; this i
 o; open
at;atu
- H;- He
t; but
ll b;ll be
s;s is
 d; da
re ;re o
m; m
p ;p a
e;believe
 ;ere 
y ;y d
Jock;Jocks
e ho;e honey
 re; rep
k;uck
RTI;RTIN
h;e th
 ;would 
ward ;h forward 
is ;is o
fe;fel
m;rm
n;enn
sh ;Flash 
d;dead
ing;mething
m;y m
y; fly
c;stic
 from ; from the
ee;king bee
 be; be 
i;here i
in time;h forward in time
t;alking t
f;if
 ; know 
h;h, 
 do ; do t
 ; right, 
a;a. 
want;want 
ot;ot 
r; the r
 ;'s the 
u ;u d
t; talking t
 ;are 
not ;'m not 
you;re you
ess;ess 
r;pr
 ;ery 
 ;nd Adam 
ou ;ou s
l;Hel
n;rin
o; jo
ght; right
a ;a h
flower;flowers
nd w;nd we 
i;y wi
e ;e b
y i;y in
i;the wi
Wel;Well
e t;e tr
.;rs.
p;lp
t;nst
 tha; than
 wa; wat
t;unt
ing o;ing on
p;o p
 jo; job
 r; ro
C;Co
d ;d y
 I can; I can't
lac;lack
L;LI
mak;make
 hea; hear
t;ty
UD;UDGE BUM
';he'
tr;tra
o; No
o;mo
he b;he ba
las;last
it;it'
 be; being
e to;e to 
t;It
ts ;ts t
hat;hat'
al;all
hi;his
2:;LEN JOCK #2:
in ;in t
n;lon
n;hen
u;ing ou
r;per
t;e that
a;sta
llen ;llen jock
t;ret
the ;the f
o;ave to
c;and c
b;king b
ive;the hive
 here; here.
e;ffe
i;oki
u h;u ha
 ;body 
or th;or the
g;e g
S;Se
NESSA;NESSA:
2:;POLLEN JOCK #2:
 ;his 
 ;ight 
en;pollen
in time;orward in time
 ;s like 
side ;side t
Yes;Yes, 
t ;t y
h;and th
a;va
r ;r c
a;s hea
i; out of i
e a;e al
t ; last 
oking;oking 
ees;ees 
h;uch
r;our
 ; c
u c;u can
k to ;k to t
 ;to be 
d a;d an
at w;at was 
und;und 
p;comp
ut ;ut o
rry ;rry s
 ;one 
u;cu
 bee; bee, 
a li;a little
uldn't;uldn't 
 ;make 
to b;to be
 #; #2
 ;use 
.;k.
se; these
m;eam
U;UM
i;ori
 wi; win
ies;ies 
t; at
at i;at is
hand;hands
 ;a little 
ck;ck 
 ;down 
 want ; want to 
e d;e da
oses;oses 
t;ve t
e; re
ing;lking
 ;k 
g;'m g
ng in;ng in 
Do;Do 
 ever; every
ght;ght 
i;iti
wn;wn 
k; look
ou;d you
r. ;Mr. 
h;re h
All ri;All right
 a; a 
h;he
ant t;ant to 
p;po
s;ays
er;er.
e;s be
h;l th
. ;know. 
 ;oing 
li;like
o th;o the
l;pull
f the;f the 
ri;All ri
 ;him 
es a;es ar
g;sing
(F;(Fl
 and Adam; and Adam 
rin;ring
ed;ed 
s ; sees 
O;- O
t;like t
'; I'
ve t;ve to
 ;to a 
e;le
ou;ough
ng ;ng a
's g;'s go
i; Thi
s; to s
That;That 
Barry; and Barry
ke ;ke it
a;l a
I;ARTI
 ;ho 
 ;right, 
i;s i
c;you c
SEBLOOD;SEBLOOD:
 cou; cour
 ;et 
i;a pi
l;s all
 at the; at the 
re t;re th
ieve; believe
w;it w
o;ts to
, you;, you 
s;irs
 the wi; the win
e;s he
 on t; on th
 ;The 
e; de
eav;eave
w;ou w
1;JOCK #1
M;DAM
ndo;ndow
rward;rward 
e;n he
 ;ant 
o;n o
ing;ing.
 human; humans
 ;se 
u;ing u
h;with
rd ;rd i
Why;Why 
you;your
fee;feel
.;hing.
i;ing i
m ;m a
l;y l
nd ;nd n
k;eck
to;ton
 ;n this 
op;op 
a; bla
c;spec
tch;tche
i;fli
nd h;nd he
g;g?
and ;and w
r ;r p
rr;rre
a; sma
 ;A 
d ;had 
mb;mber
liev;lieve
!;?!
ee t;ee th
in;ink
i;e hi
 ;g at 
Barry and ;Barry and Adam
e; life
, ;a, 
 s; se
ri;rin
e the ;e the h
J;JANET
. Th;. The
A; A
 as; as 
l; gl
u; thou
i;arry i
nd ;nd f
k;'t k
Pollen ;Pollen Jock
at the;at the 
t;that
es ;es i
ht,;ht, 
clo;clos
s;squi
y;say
i;d wi
t ;t p
ome;ome 
 it'; it's 
ind;indow
 on; only 
 bu; but
 b; by
 ;ward 
me;mea
 b; ba
MA;MAR
ck;jock
pe;pen
t's a;t's a 
i;t li
s;a s
ut; about
d c;d co
o a;o a 
n;llen
the win;the wind
t;hat t
w;I w
ne;ne 
to t;to th
ion;ion 
 ;n the 
d;tand
o ;ed to 
s;icks
, the;, they
nk ;nk you
 ;Where 
 ;little 
ot ;ot a
 ch; che
le;lea
o;ds o
e;move
I;t I
 ; F
 the ; the r
r;the r
OLLEN JOCK #;OLLEN JOCK #2:
r; your
n;een
a;nessa
S;St
es a;es an
al;als
d;heard
ing ;ing h
t;de t
n ;n w
 ; y
t o;t of
 ; fly 
g;rg
';We'
That's ;That's a
m;com
l;o l
 i; it
n;mon
s; as
's ;It's 
n't ;Don't 
 ;l, 
VA;VA:
l;oll
yth;ything
a;e ha
le;table
s ;s t
);ane)
e j;e ju
en ;en s
 f; fo
re;There
rry;rry 
d;And
s out;s out 
M;M:
JUDGE BUMBL;JUDGE BUMBLETON:
ing;hinking
 ; i
an;ou can
e;a bee
fa;fal
g th;g the
l;d l
it;it?
 flying; flying 
l;li
tan;tand
bee;bee.
ch;cha
n;wn
 sa; say
 up ; up a
 g; gu
i; dri
a p;a pi
e;th the
L;Lo
 ;Y 
o;of
i;ig
GOMERY;NTGOMERY
o ;s into 
l;mpl
u; You
JOCK #;JOCK #1
n;ng an
her;here
E;EE
a;ia
s; s
ead;ead 
 ; I 
2:;OLLEN JOCK #2:
y;ry
ave ;ave t
 ;this is 
L;Le
mu;much
o be;o be 
n;vin
o;n to
 sm; smok
o; clo
 a be; a bee
 you; your
 ; the 
 ;d in time 
t;d it
n;fun
IN;ING
 the ; the l
ye;yea
b;uld b
are;are 
re;rem
for;for 
o;cro
t w;t wo
as;ass
ti;tic
i;ng hi
a;that a
 wil; will 
t;tw
ou ;ou h
 I'; I'm 
 ma; man
n;e in
ing; being
, B;, Barry
h; sh
t;part
essa ;essa i
 they; they 
s;en s
ly; to fly
b;the b
t a;t al
man;the human
zz; buzz
z;az
ir;ir 
I ;I c
y;ady
s;dis
p;pt
y ;nly 
 Jocks; Jocks 
R;AR
 ;ld you 
ry.;ry. 
f; a f
es t;es to
 ;ove 
 ;ough 
t;is t
 on ; on h
 ;ure 
h;h h
t to;t to 
 like ; like t
mov;move
r; pr
rs;rs, 
the;rom the
Vanessa ;and Vanessa 
i;ti
s;the bees
f ; out of 
 ;he Pollen Jocks 
e; ye
e; leave
a;ha
n;Can
n;chan
y ;y g
n;ain
e; to the
o ;ant to 
ugh;ught 
T;ANET
 ;t was 
e; bee
e;The
m; of m
re is;re is 
a; to a
riv;rive
nt;nti
ve;hive
K #1;K #1:
you;are you
t;re t
o;no
c;d c
 co; cou
 ;r 
l; Pol
ome ;ome o
s o;s on
o;or
e;ance
D;DGE BUM
u; ju
ts ;ts a
';en'
s;hands
lking t;lking to 
s; las
you d;you do
w;en w
od;ody
e; be
hing;something
VA:;UVA:
 ;ut 
ane;ane)
s;n Jocks
or;ord
at ;at a
 ; going 
.;ah.
b;, b
i;hi
of t;of th
e; Ye
 ;k to 
kin;king
ey';ey're 
e;nde
e;ade
ntgomery;Montgomery
N ; IN 
, ;bee, 
n his;n his 
n;ni
d;da
y;ney
 her; her 
o;t flo
u;ou
o;s do
bou;bout
i;eli
v;s v
Adam; and Adam
s u;s up
 ;able 
es ou;es out
 hi; his
l;arry fl
 ma; mak
 u; up
s ;g his 
k;t k
 f; fu
u;Bu
e;e!
wn; down
ar;ara
d ;d Adam
nig;night
and Barry;and Barry 
en;ens
rou;round
ou;ou.
s;o s
ly ;really 
Honey;Honey 
h, ;Oh, 
ri;rie
w; now
n t;n time
he;hel
e;e we
o ; into 
Adam;arry and Adam
h;noth
(Th;(The
 ; in time 
?;t?
m;dam
 Be; Benson
pr;pre
a;en a
nd the;nd the 
rry ;rry f
 ;is is 
ri;rig
m;ing m
es;es 
y; by
h;ee th
d;ard
E;BEE
d;wind
r;e ar
 ;llen 
 ;IN 
it;it, 
 ; little 
e ;e d
N;- N
ing h;ing hi
 ;B 
s;this
t do;t do 
 Barry ; Barry i
(;(H
 thr; thro
use ;ecause 
 ; He 
s a;s at
 th; the
l r;l ri
e wi;e win
a;sma
s w;s wh
rr;rry
h;p th
n;I kn
ion;ions
, ;re, 
 cour; court
b; ab
tt;ttle
 ;r the 
t;s not
KEN;KEN:
ink;inking
r;t ar
r;inter
t;of t
 mea; mean
ing; flying
gh;ght
:;OMERY:
r; par
.;now.
k;tick
sn't;sn't 
n;wan
ck ;ck a
 the h; the hive
:;ANET:
s your;s your 
 ;hen 
be;bel
id;id 
ai;air
, ;ers, 
sh f;sh forward 
f;d f
t;act
l;tl
t;ed t
JOCK;JOCK #
e;ek
JANET;JANET:
s ba;s back
g;ang
 ;e pollen 
l;lp
n;ven
o; the co
e;g bee
a;it a
oc;ock
o ;o h
 ; he 
EN;EN:
 ;Ken 
.; here.
 for th; for the
n the ;n the c
e;bee
s;sl
c;y c
ll ;ll b
nd ;nd Adam
i;et i
l ;will 
 ;Honey 
com;come
t; is t
nk;nki
t;n't
2:;K #2:
's th;'s the
alking ;alking t
es;est
king b;king bee
g;ping
ing; going
 wo; would
es t;es th
S;S:
 cr; cra
ry l;ry lo
o ;into 
UMBL;UMBLE
um;uman
ti;tir
nking bee; Thinking bee
a;gla
nto th;nto the 
y;y!
e ;e p
c;nc
and ;Flash forward in time and 
ore;ore 
1;#1
 ;ever 
til;till
it;its
:;LEN JOCK #1:
e;o be
ave ;ave a
t B;t Barry
 ;ent 
 be; bea
Barry ;Barry p
o;uito
m ;m o
o;po
i; pi
n;can
 off ; off the
 the ; the b
ct;cti
Be;Ben
o b;o be
r;rr
 ;ing the 
 down; down 
u;ut
l;cl
n;d an
 ;sh 
:;M:
f t;f th
nd;round
u; you
:;ING:
ma;mac
l;e fl
I; LI
pi;pic
y w;y wi
st ;Barry! Breakfast is ready!
ll ;I'll 
 st; str
ith th;ith the
p;rop
 e; en
t;k to t
in;again
 ;oney 
n;nl
t;tch
GOMERY;ONTGOMERY
i;ic
nds;nds 
LLEN JOCK;LLEN JOCK #
 tha; that
b;mb
a;ab
k o;k ou
old;old 
s g;s go
a ;a p
ke t;ke th
.;that.
';hat'
 ;rom 
t;lat
h;gh
t;of it
truc;truck
to f;to fly
 would; would 
d;d!
e f;e fa
';y'
w;t know
nt;nt 
e; face
e;(The
pu;pul
on ;on a
iv;ive
E;GE
e;Bee
n;din
 back; back 
d;dd
know;know. 
po;pos
 s; sl
 gu; guy
g t;g th
th; for th
ies ;Barry flies 
a;e wa
t ;t l
TI;TIN
h;yth
ttle;ttle 
p;pe
n't ;I don't 
se;oose
o;I do
 ;ther 
r;a r
 ;t it 
e; se
arry;arry 
ur;urn
.;bee.
 Tha; That
w;ws
ing;tting
e;- We
a;arry a
tha;than
 ; head 
A;VA
ac;ack
e;ipe
i;s wi
d;to d
t;e not
an't;an't 
n't;ldn't
the;they
 wit; with
h;ing h
j;jo
r;arr
to ;to a
e;to the
to ;to t
e;appe
f ;ne of 
at ;at w
n; wan
I;. I
nd ;nd c
hi;hin
think;think 
ou;e you
sh;sh 
h;er th
ry ;ry i
s yo;s you
O;Oh, 
in time;in time 
 ; are you 
o;Lo
ce;ces
k;ke
d in ;d in t
a; ga
rry ;rry p
na ; gonna 
 a; as
';'m 
he fl;he flo
y;ying
e;. We
b;br
l;l.
s;u s
i;ssi
ly ;only 
 ;think 
n thi;n this
o;t go
t;th t
e;eh
N JOCK #1;N JOCK #1:
the b;the ba
a;Fla
as ;hat was 
s;t was
go;gon
d i;d in
 right; right.
i; poi
the w;the wi
);nessa)
1;OLLEN JOCK #1
hone;honey
s a ;s a l
Adam;rry and Adam
ur ;ur s
Y;Y:
U;UD
t;o it
i;e wi
or;ector
to d;to do
l; pol
 ;id 
o;thro
s;The s
n;nd n
app;appe
g;hing
i;es i
G;ING
 ;s no 
our ;our l
e;offe
over;over 
ple;please
r;atter
e;are
tr;tro
ing;inge
ew;ew 
, ;, a
o;tro
t ;ught 
h;in th
R:;TOR:
have ;have a
s ;arry is 
e;et
 his ; his h
c;cu
c;cr
ng a;ng a 
an;an.
y.;y. 
t;wit
r;he r
 c; cl
has;has 
ink;I think
e;e of the
m; the m
od;good
e;ing be
ey;ey'
ing ;ing m
m;rem
s th;s that
nd ;nd a
ur ;ur l
 ;an't 
a;e ta
t.;t. 
len ;e Pollen 
A;CA
 ;round 
t w;t we
); plane)
 ; like 
 ;with 
J;Ju
mery;gomery
- ;- S
 ;g on 
B;BL
L;U L
hink;hink 
lane;lane)
pollen;pollen 
d;s hand
u;u 
the wind;the window
i;mi
stin;sting
jo;job
th; into th
 r; re
et;et 
 n; na
r; ever
tl;tle
r;e gr
k;ink
ut o;ut of 
 she; she 
n;man
N;EN
n t;n th
wor;work
fl;fli
VA:; DUVA:
Pollen;Pollen 
t I;t I 
?;r?
ck;cke
you;ld you
, ;k, 
me; some
s;ous
art;arts
r;fir
e;lle
oes;oes 
d ;d o
o;ho
mi;min
t;ott
 honey; honey 
c; ac
s;ands
o d;o do
e t;e ti
l;s al
And;And 
m;m 
o;oc
);ssa)
A;AR
e;e see
s;e's
 ;ast 
man;he human
f;h f
y;e y
T;NT
s no;s not
o;Wo
 Th; The
e th;e the
D; D
T;TT
RT;RTI
OMERY;OMERY:
ree;ree 
e;. He
 head; head 
I; I
 hi; him
n; the win
 are; are 
yo;yone
hin;hing
f;n f
d ;y and 
wh;who
a ;a b
e t;e te
 #;POLLEN JOCK #
s;ss
mo;mos
k;tak
ha;has
 ;han 
w;ng w
e;em
k; don't k
op;ope
l; a l
ld;ldn't
e hu;e human
able;able 
ttle;a little
r;r?
:;MOOSEBLOOD:
 win; wind
ting ; getting 
 wh; what
t s;t st
.;ting.
N; N
king ;king a
t,;t, 
BLOO;BLOOD
m;them
i;ly i
en; scen
 on; on 
e; spe
.;l.
l;l)
l;mal
o;oo
ur;ure
 JOCK;EN JOCK
O; O
here;here's 
ing b;ing be
 ; make 
e;ite
g;s g
ry f;ry fl
You k;You know
man; human
 J; JOCK
 ;d I 
he p;he po
ash;ash 
?;you?
ould ;ould b
g;eg
ne;nee
t;ing out
p; sp
jock;llen jock
k;k 
 out; out.
e;lieve
Y;ARRY
y;ely
thing;thing 
B;BE
k;stick
n;es in
ock;en jock
 roo; room
g;ling
che;ches
c;ca
e ar;e are
e;we
e;inte
n ;n f
:;ESSA:
e; at the
w;ey w
t; it
ed;ed.
 of t; of th
k;ack
od;od 
ra;rat
k;talk
 ; to 
le ;le b
OU;OU L
a;he ca
m ;I'm 
 bees; bees!
ns ;ns t
 y; ye
lash ;lash forward 
d; did
 h; ha
#;K #
llen Jocks;llen Jocks 
the h;the ho
star;start
 forward in time; forward in time 
 Barry ; Barry a
d;o d
ive; the hive
Thinking bee;Thinking bee!
 ;I 
s ;s r
se;se.
ds;ds 
 ;o, 
s;e s
a;bla
 ba; bal
p;pl
s al;s all
n; don
Barry ;Barry f
(The ;(The p
n;e on
o;Ho
 ;le 
e;smoke
Th;Tha
ies ;ry flies 
 so; sor
r;br
ttle; little
e; whe
e;dde
o;ks o
t is;t is 
ou ;ou a
 ;ugh 
 get; gets 
u; Bu
tche;tches
UDGE BUMBL;UDGE BUMBLETON:
i; and i
 ;ike 
n; I can
a c;a co
Mo;Montgomery
g ;g b
 ;ry 
m ; I'm 
is ;is a
der;der 
th; at th
rom;rom 
 the; there
g;gr
k;lk
hose;hose 
 ; out 
 ;ER 
d;eld
e i;e in
, ;Well, 
o;pro
h;is h
 Pol; Pollen
n the;n the 
s on ;s on t
Y;- Y
n't ;n't s
';'d 
ll; yell
ia;ial
ey ;ey p
re ;ey're 
y;by
 ;g. 
 me; me 
and ; forward in time and 
ry ;ry s
d; the d
 e; ea
u;s ou
 a f; a fl
e;ing bee
lo;loo
see;see 
 ca; car
EN JOCK;LLEN JOCK
t;lking t
h a;h a 
!;inking bee!
s the;s the 
r;der
er ;er h
r;car
r; tur
ck;ck.
ow ;ow d
 thin; think
 ;rry 
:;TER:
at;at 
w;sw
e;e the
bo;body
 to b; to be
r;nger
arry i;arry is 
as ;as a
o ;lking to 
u;us
l;ball
ir ; their 
re;re's 
our ;our h
(;(Ken 
on;on,
!;ee!
w;w.
forward;forward 
k;ak
s n;s no
 ;t to 
n;nn
 ; T
ell;ell 
t ;t d
h;t's th
w;row
r;s ar
t;uit
e l;e la
o;t's o
a ;a t
 ;in a 
ne;never 
e;nge
loo;lood
 of th; of the
g ;g i
s on t;s on th
head;head 
n; on
1;LLEN JOCK #1
orward in time;orward in time 
.;ing.
g on;g on 
ght;ght,
t;st
n ;n r
 the b; the be
 com; comp
ng a;ng at
e; We
r;mor
in time;(Flash forward in time
 ; is 
t; gott
a; rea
e; te
 we; wea
nd ;nd o
 sho; should
o;e jo
m ;m w
 smok; smoke
u;arou
e;ese
n;nt
e; Be
 ; k
 b; bi
 be ; be a
e;ile
wan;want
G;NG
ou;our
le;len
ll; fall
o;jo
h;e ch
k;pick
los;lose
h;to h
(Flash forward in time ;(Flash forward in time and 
e;all the
o;lies o
t;tr
 ;nd Barry 
m;rom
in ;in a
t a;t a 
e;ante
e;live
?;er?
es h;es hi
 ;E 
wo;would
 ;on, 
all;ally
king ;king t
is ;is b
h;s sh
 ;hose 
 ag; again
l;Well
r;ru
a;by a
u ;u l
from the;from the 
r;or
n;n an
- I;- I 
p; p
w;ow w
e;ye
 ;ave to 
k;eek
t;ve got
si;sion
n;thin
E;EN
i;at i
..;...
u;thou
N;N 
a;ina
 ;en, 
f;lf
 ;e in 
y;o fly
 Ken; Ken 
at; What
is ;is w
 ;It's a 
ck;back
 ;here 
LOO;LOOD
o;you do
w;tw
sn;sna
h;d h
 ;h forward in time 
mo;mon
1; #1
n; Ken
se;sed
bal;ball
ow;I know
 I do; I don't 
s ;s j
n;urn
 some; some 
?;ou?
r;other
 is ; is s
m;ow m
 ;hand 
j;en j
 ;ng. 
s ; looks 
!;o!
 ; I
 ;d the 
n ;n h
d ; had 
s B;s Barry
 ;us 
 ;get 
r ;r t
P;Po
a;yea
 H; He
 ;Are 
he;heir 
 it; it'
d;hard
 ;ps 
 a b; a be
to;top
fal;fall
e;ble
 ; l
ld;ld 
ith ;ith t
ur;urs
ck;s back
e w;e wh
l;fel
e. ;e. I
p;pi
a;ga
me;mer
t;h t
 n; ni
roo;room
and h;and he
is h;is ha
p;omp
e;te
A;Adam
y;yb
l;bal
r; for
the; off the
want ;want to 
h;ash
y;lay
L;LL
 ;king 
e;olle
an;u can
I th;I think
g;to g
 ;n, 
 ;tle 
i; sti
ork;ork 
l; ball
ng;ngin
g;t's g
s ;ing his 
 plane; plane)
u;Su
p;top
i;ari
is r;ry! Breakfast is ready!
in time;rward in time
t;e t
e;at the
m; from
n this;n this 
f; of
 po; pol
r;re
t;re not
O;ON
 ; off the 
Thi;Thinking bee
nking ;nking bee
re ;re t
y;every
y;ys
 ;th 
ec;ect
ith;ith 
G;GU
h; h
nt;ntgomery
by ;by a
ing;doing
r;tur
r;rt
,;ht,
 out; out 
S;SE
.;out.
 ;have to 
ec;eci
 f; fa
T;- T
ill;ill 
e; smoke
un;und
el; feel
. ;. S
a;tra
ever;ever 
his h;his he
y;y'
b;y b
ng.;ng. 
 kn; kno
 ;en Jocks 
 ; N
 off the; off the 
sh;she
o s;o st
o ;o d
d;es d
e;d the
 ; you 
y; they
i;eci
We;We'
e;ee
1;N JOCK #1
 p; pl
Adam;nd Adam
w;w!
h;all th
t;ck t
 ;aves 
t the;t the 
r ;r w
RRY;RRY=
we;we 
er th;er the
w;ing w
W;- W
po;pol
o;e po
re;where
he;hen
e Pollen ;e Pollen Jock
the;their 
u;s u
s;tes
ut ;ut t
he;he'
 ;. I 
u ;u k
=;ARRY=
o; a lo
now;on't know
ha;hai
a;ry a
t; and t
i;fri
(Barry f;(Barry flies 
ll;yell
Barry;Barry! Breakfast is ready!
e of ;e of th
 ; bee 
g;bug
ntin;nting
el;ely
:;SSA:
BL; BUMBL
:;MARTIN:
i;rti
af;aft
m;oom
 these; these 
 the ; the m
y';y're 
n you;n your
he ;he d
ting ;ting a
s i;s is
p;ps
l;oil
st;st 
t;m t
Yeah;Yeah.
 ; for the 
 ;ng 
l ;l b
en;e pollen
on;on! 
plan;plane
 out of ; out of i
yb;ybe
h;ho
e;ple
n;hon
Y; Y
 ;ith 
 thro; through 
a ; into a 
ART;ARTI
 ;d of 
 ;'s 
rry.;rry. 
 ;e that 
. H;. He
s;cas
ak;ake
d ;t and 
 ;ight, 
ttle; a little
gomery;ontgomery
s ;s e
t;ry t
 lo; long
 ;time 
s;ins
g;mag
 the ; the t
kno;know
ent;enti
r ;r l
.;on.
 by; by 
ch;chi
 ;t 
l;ial
l;, l
 ; him 
a; ea
g;I'm g
t;ow t
't;dn't
s;ess
 ;ad 
:;NG:
aro;arou
t;ont
nts;nts 
s ;it's 
 ;s is 
lo;lot
te;tes
rd;rder
 ; how 
l; tal
l;ly
o; two
l; wel
k;ork
 ;ard in time 
Po;Pol
e;moke
to ;to l
 ;t a 
e;for the
r ;r b
a;ot a
O;TO
s; Yes
at;at?
ic;ict
ou c;ou can
o;om
 ;ll 
 ta; tal
, they;, they 
ne;ned
i;ck i
i;wi
 tr; try
 ;e on 
Be;Bee
o ;o w
u;tu
ee ;ee a
That;That's 
o;o lo
BEE;BEE 
now;don't know
u;r bu
out;out.
so;so 
M;Ma
o;o yo
vin;ving
OCK;N JOCK
A;- A
eady;ry! Breakfast is ready!
l;hel
N;No
ho;hom
u;ui
ing bee;ing bee!
au;aus
p;oup
i; to hi
iv;ivi
ted;ted 
ine;ine 
O;OL
a;at
o;it o
y;, y
hou;hould
f;ff
m; him
ou ;ou c
nd;nds
dri;driv
llen ;the Pollen 
r h;r ha
o i;o it
2:;CK #2:
ead;eady
B;E B
o;io
a;ad
gott;gotta 
a; the a
ng;ng,
at t;at th
s;he s
bees;bees 
le;le 
a; it a
g;g 
r;r, 
n;n,
t;wat
e; and the
these;these 
ob;ob 
 it i; it is
e s;e si
hat ;hat i
le ;le o
w;wi
r;par
u;nu
o s;o so
gr;gre
h;on th
 ;for a 
e;he
I g;I got
bee;been 
 ;ash forward in time 
o;y lo
 the; the 
rd in time ;rd in time and 
f;fu
o;To
do ;do you
bu;bug
h; wh
 ;hink 
e;We
:;NET:
o;too
zz;buzz
OCK #;OCK #2:
- ;- O
 ;y in 
y;hy
, a;, and 
 and t; and th
wind;window
i;, i
t;talking t
here is;here is 
 ;with the 
ah;ah, 
s of;s off
k;ry! Breakfast is ready!
in th;in the
on't ;on't k
uck;uck 
 for ; for th
EN;EN JOCK
gre;great
r;tar
's ;'s n
k;u k
n;ren
ing;lying
 #; #1
e a;e a 
h;sh
 ;ack 
har;hard
. ;. I
w;s w
l;ral
(A;(Adam
oo;ood
 ;- 
:;MONTGOMERY:
er;lower
uld ;uld b
 ;w 
n;ing in
 ; in the 
b; a b
 ;and 
time ;time and 
e;. The
ty;ty 
would;would 
y ;y a
tr;tru
p;p.
 ;uch 
son;Benson
 ; J
 bee; bee 
LEN JOCK #1;LEN JOCK #1:
a;ah
t;en t
 ;ke 
 ;(Barry 
ies ;arry flies 
 star; start
B;rry! Breakfast is ready!
 in t; in time
s;he Pollen Jocks
i;dri
s;we s
 mo; more 
e no;e not
ike ;ike t
ca;cas
ing;inking
c; fac
r; hear
 the r; the ro
s;sa
ck ;ck o
:;SEBLOOD:
.;an.
, ;ry, 
,;on,
r;rw
 pu; put
h;or th
k ;k i
tr;try
t t;t th
 at ; at th
arry ;arry f
l;nl
ot a;ot a 
a;ith a
r;ir
rl;girl
n;ng on
and ;in time and 
in the;in the 
 ;ap 
a l;a li
e po;e poll
ANET;ANET:
sho;should
:;IN:
s ;at's 
!; bee!
p;eep
avi;aving
stic;stick
r;e car
t;l t
c;his c
n; n
n;g an
am;am, 
r;ater
w ;w w
n;con
ou;n you
Hey;Hey, 
t;oint
 ;ing a 
e;e re
l; pul
t;art
ht;ht,
 ;rn 
o;(Po
S;. S
re ; more 
he p;he pl
t;ait
e;rie
 ;ial 
 tw; two
y;oney
he wind;he window
 go; go 
o; out o
me;men
 ;he bee 
 ;sing 
ts to;ts to 
ink;ink 
sh forward in time;sh forward in time 
L;LE
.;r.
JO;JOCK
o;So
rom ;rom the
e b;e be
o; have to
rie;rien
ldn't;ldn't 
n;ng
 ev; eve
ith a;ith a 
b;a b
 ;ound 
 ;lash forward in time 
he ;he s
ard;rward
u;the hu
ta;tab
Jock; Pollen Jock
i;fi
io;ious
the c;the co
t;tgomery
the; from the
! ;! I
n;nf
 ;f the 
 ;uts 
l; fl
i;io
 ;(Flash forward in time 
c;unc
 ; to the 
, b;, bu
er;er 
han;hank
h t;h th
 bees; bees 
ve;he hive
t;ment
e;en
and ;h forward in time and 
i; of i
 ;nessa 
u ;u t
m;m)
hu;hur
 ; H
d ;d and 
 ju; just 
h; with th
f ;l of 
 ; and the 
cha;chan
n;s han
sn;sn't
y;s fly
t; a st
 a; ai
t;e got
n;son
d ;es and 
rn;rn 
k;n't k
o;ing o
art;art 
as ;at was 
R;R:
p;rp
 at; at 
 ;uldn't 
K;CK
e;dre
ssa;ssa 
W;We
 ;een 
You';You're 
g;d g
t;ut
ou';ou're 
he P;he Po
l;he fl
 G; GU
 can't; can't 
ive;ive 
see;sees 
?;is?
B;arry! Breakfast is ready!
 dri; driv
 ;(A 
out ;out o
 ;kes 
ed ;ed a
!;w!
h;- Wh
u;r you
t;St
ard ;ard i
);g)
re ;You're 
d;d, 
u;e bu
 N; Ne
ce;ce 
e;m the
 ;plane 
(Fl;(Flash 
l;Fl
A;AN
t;me t
ar;ar 
t;ti
not;not 
aga;again
lle;llen
c;oc
h; is th
e;fee
s; hands
here;here?
all t;all th
 ;t is 
hinking bee;hinking bee!
!;r!
m;n m
e;spe
im;ime
g a;g a 
 pr; pro
Hon;Hone
wer;e flower
l; poll
b;yb
OS;OSEBLOOD
to;to 
:;EN JOCK #1:
s;he bees
fe;fee
mor;more 
c;ruc
p;r p
, I;, I 
en ;en h
 ;dam 
n;ion
u; ru
Al;All 
u;uc
 y; yo
t kno;t know
e;re the
he s;he st
 a; ac
i; ti
, ;eah, 
 ;ody 
:;ANESSA:
 on ; on a
tur;turn
e;eme
o;ng o
 ;g the 
a;oa
 d; do
h; with
!;bees!
e ; into the 
zz;uzz
NG;NG:
se ;cause 
l;all
e;g the
o;ou
 Wh; What
 me; me!
e;o the
r;for
ff;ffe
u; stu
f;to f
sc;scen
w;flow
in t;in time
er;rder
t; with t
SSA;SSA:
 co; con
O;OO
i;d i
.;No.
Barry ;Barry l
 t; ta
ld ;ld you
 ;nto 
v; mov
n; fun
 ;ower 
 p; pr
E;SE
i;ni
No;Not
 ;now 
hat;hat.
s;ves
 ;- You 
 he; hel
dr;dri
i;is i
ir;ire
e; are
eally;eally 
w;f w
 ;rd 
at;ath
att;atte
s a;s a 
e;ere
NESS;NESSA
here;here.
t;ike t
on,;on, 
 ;er. 
em;em 
s d;s do
 n; ne
e;ime
 ;al 
a ;a a
 ;ane 
ll;still
an;and
an;ank
h;ve th
a;ta
st;just
U;JU
nd i;nd it
c; you c
 It; It's 
o ;o g
 ;Barry 
z;zz
u;tru
r;rc
o; wo
n;ein
SA;SA:
a; da
e;ete
y f;y fl
 ;alk 
e; che
oo;oose
n;t n
 you ; you c
nt;nta
wil;will 
ON;ON:
l;ls
 ;hey 
I ;I g
 the ho; the honey
ng;ng.
i;ur li
k;ok
ing to;ing to 
n;gon
cen;cene 
t; up t
p;e p
w;wh
 ; Y
bu;bus
be;be 
e;see
ash ;ash forward 
D;AND
o; you do
e s;e sc
e!;e! 
r;he cr
n;ron
r;t r
 L;OU L
o y;o yo
All ;All ri
a ;gotta 
 tak; take
a;re a
 of; of 
r;r.
n't k;n't know
 ;king to 
b;umb
ed; need
lan;land
 Barry a; Barry and 
s;us
th;into th
'; we'
M;. M
 ;ght 
, ;, b
 a; ab
r ;r yo
h th;h the
a; Barry a
);anessa)
J; J
p;pp
 all t; all th
lash forward in time ;lash forward in time and 
ays;ays 
D;UD
his ;his h
i; ri
e of;e of 
othe;other
e;ice
t ;t f
s;ries
c;mac
 one; one 
nk;nk 
 ;How 
 th; tho
ar;ard
a ; with a 
a;- Tha
was ;was a
He;Hel
n;sn
ugh ;hrough 
d;ned
 ; K
s ;s f
y;zy
ll ;ll o
i;iv
ho;hon
 with ; with t
ow; the window
ON;ONT
f; f
e; fe
ck ;ck t
h;, wh
i;k i
 ; Jocks 
 ;s back 
l;bel
l; cl
i;Sti
s;es
k ;k t
hing;hing 
n;stin
 a; af
R;RY
s h;s hi
s;kes
i;re i
sp;spe
m th;m the
e; on the
e; a be
.; Barry.
.;thing.
a;ts a
d ;d f
 ; would 
ah;Yeah
 pollen ; pollen jock
i;s hi
a;(Ba
oney;oney 
ow;the window
AM;ADAM
m the;m the 
y;ty
inge;inger
u; fu
d;od
t's ;t's a
e;e are
o ;alking to 
.;Yeah.
The;They
o t;o th
rea;ry! Breakfast is ready!
 in t; in th
ood;ood 
s ;t's 
he r;he ro
 hu; human
e; the be
F; F
d ;d l
i;ks i
W; W
b;l b
nt;nte
e; Hone
n;t an
li;liv
!;n!
te;te 
ry;ry, 
do;door
w;y w
o;ou go
U;UR
h;t wh
b;n't b
n;the n
!;king bee!
 ;eally 
E;MBLE
 ;s, 
.;le.
d i;d it
t;nt
t;on't
U; DU
it i;it is
n't b;n't be
w;d w
c;ck
r;ger
P; P
l;lu
c;nec
ying;ying 
 p; pu
s;I s
ing;ything
t;th
nt;nto
s; I s
e;t bee
 ;e! 
for a;for a 
.;er.
- W;- We
ns;nst
out o;out of 
s;tches
o;e go
e;life
s;se
O;PO
d you;d you 
some;some 
LLEN JOCK #1;LLEN JOCK #1:
ME;OME
 le; lea
o;ov
 g; gr
ear;eard
);ne)
down;down 
o;'s go
 wal; walk
 ;ttle 
.;Barry.
 ch; cha
 ;e honey 
 lo; loo
 ;ell 
e;ith the
o; thro
.;se.
Ca;Can
n't;uldn't
e;rre
 f; fe
s;res
sto;stor
ou;ou 
o;t so
uts;utside
t;ng out
ly ; only 
M;MBL
s;ll s
ll;ll 
ing ;ing t
m;em
c;e c
.;w.
ever;every
she;she 
on t;on th
en;ence
t; of it
par;part
er ;er s
d ;'d 
jock; pollen jock
-;- 
ie;ies
);k)
 ;lying 
 ;ing in 
i;adi
- ;- H
s up;s up 
,; right,
o fl;o fly
 P; Po
v;ev
 to; to 
 ; right 
u;hu
g;ng
hand;hand 
d;, d
g; ag
ng;nge
 ;nds 
 ;es, 
:;BARRY:
r;ur
ssa ;ssa i
r;eir
t;ut t
?;hat?
th;th 
 p; pi
c;ch
pic;pick
 ; in a 
O;JO
e ;e n
eal;eally
e; ste
t;hat
w;and w
i;he hi
and ;ash forward in time and 
, ;, h
:;1:
i;ei
s;aus
n; un
m; rem
 fa; fac
 ;e a 
 hi; hit
o; sho
n ;been 
 tri; trie
 We; We'
 ;ht, 
 cha; chan
:;JANET:
'; We'
p; hap
, ;ell, 
, i;, it
somet;something
e;, the
lo;lon
 a; al
ind;ind 
 lo; lot
t t;t to
 ;n time 
oe;oes
re;rel
s fl;s fly
he;hes
s;akes
y; way
s;nts
u;fu
DGE BUMBL;DGE BUMBLETON:
s; res
u ;u g
t k;t kno
work;work 
t;get
man;e human
.; out.
ANE;ANESSA
 him; him 
s;n't s
f;f 
,;, 
wi;wil
m;e m
d ;d g
d;ud
re ;y're 
how;how 
k;ruck
 ; b
b;The b
side;side 
m;arm
a;awa
';t'
arry fl;arry flies 
hin;hink
he;heck
p;app
s;so
r. ;r. B
yo;r yo
 want; want 
 lea; leav
li;lin
 ;ing to 
i;an i
l; bel
la;law
 ; so 
 m; mi
GE;GE BUM
i; mi
o;nd o
 ;d you 
i;e thi
h;Th
B;Ba
e;inge
 time; time 
llin;lling
 ;Flash forward in time 
n;he win
l ;l f
h;hi
.;ere.
ts;tside
rk;rk 
 ar; are
 the; these
new;new 
e;s on the
a;ac
g;re g
r;spr
have;have 
 a ; a g
e h;e he
c;s c
t;he t
ck ;ck i
 ;at the 
r a;r an
i;e i
eah;eah, 
);y)
a;ak
RY;RY=
.; this.
 ; back 
T;Th
R;ER
o;s co
at; great
d;red
cour;court
r; gr
t;ant
he ;he a
gon;gonna 
o;e o
e wo;e wor
t; court
e Pollen Jocks;e Pollen Jocks 
arry;arry! Breakfast is ready!
b;to b
nti;ntin
e ;e f
ry ;ry a
,;No,
 ;s it 
not;noth
he ;he l
y;mery
er;er!
g;ting
 g; gi
:;ER:
t;at
);t)
o;e mo
);Vanessa)
o ;o s
d; hand
.; me.
E;EE
m;me
ks ;ks a
=;==
se;sec
t;att
ect;ector
k; k
 ;ouldn't 
i;out of i
ew;ews
os;osquito
 fu; fun
g ;g h
t;bot
a;nta
hi;hic
 ;ves 
, ;ou, 
 ;of the 
n;ntin
e;hat the
EN JOCK #;EN JOCK #2:
 ;I can't 
e; a bee
u;ur
ns ;ns o
e ;e j
 ;est 
i;ivi
hat w;hat was 
 ;re is 
r;rr
t ;t h
 with ; with a 
 I c; I ca
es th;es the
u;he hu
VANESSA;VANESSA:
n;ton
ca;car
Barry ;Barry a
 ;top 
 ; in 
d it;d it 
n;ien
 ;! 
m;to m
e;e bee
i;gi
all th;all the
 to the; to the 
lk;lks 
ca;cau
n th;n the
 ;om the 
Lo;Look
t;nt t
p;the p
M; BUM
R;OR
ng;ng!
s;- Yes
the hu;the human
.;u.
v;vi
fr;fro
e;whe
t;up t
you;k you
o;a co
e;ll be
's n;'s no
g;g)
nde;nder
i;cti
n;y n
o;oy
ea;eal
h;. Th
e;with the
Jock;en Jock
EBLOOD;EBLOOD:
wh;whe
R;ARR
i;n hi
s; his
.;n.
He;Hector
llen;llen 
d; d
s;ows
t;ot
l o;l of 
on ;on h
e w;e wi
th ;e with 
ing ou;ing out
UMBLE;UMBLETON:
u;rou
ic;ick
st ;s just 
az;azin
R;RR
pp;ppe
on;on?
ro;roo
c;the c
 you'; you're 
ock;ocks
o;ob
t; t
 ;g, 
s;si
B;Be
!;bee!
 ;ling 
a ;a s
t ;t o
Barry;Barry.
 st; stu
 and ; and w
n;Ken
el;elm
s; a s
and ;ward in time and 
es;es.
P;e P
 be; bel
 a ; a r
k to;k to 
d an;d and 
e;ge
(P;(Po
 O; Oh, 
 ;ge 
t ;t b
LE;LEN JOCK
a;ere a
is;This is
S;SS
ow ;ow w
sse;sses
ta;tan
e;gue
s;I'm s
our;our 
 that; that 
anessa;anessa)
o;Mo
ESSA;ESSA:
hat's a;hat's a 
l;wal
len ;he Pollen 
t;ta
 bea; bear
ane;anessa
i;e li
't ;'t f
g;rig
r;rk
.;it.
l;til
 ;wer 
l;our l
eir;eir 
I ;I t
s ;s v
around;around 
n;on
 some; somet
b; job
VA;VAN
t;want
st ;st a
There;There's 
o;s yo
LLEN JOCK;POLLEN JOCK
ere;ere's 
z;zi
o;ello
';a'
m; com
l;col
g ou;g out
 wh; who
t;ort
er;fter
 is t; is th
e;Ye
o;le o
 ;we 
s thi;s this
t ;t k
i;peci
i;rry i
 ;N 
 T; Th
a;e tha
Adam;Adam 
talk;talking
e;or the
n ;n s
ha;had 
s;l s
NTGOMERY;MONTGOMERY
ee;eed
w;wo
ant ;ant t
fre;free
k;don't k
en ;en Jock
o;ou do
nessa;nessa)
:;KEN:
t;, t
t';t's 
d be;d be 
now;You know
i; do i
O;Ou
 ;them 
the ;the a
ng;ating
e of th;e of the
e tha;e that
s;m s
I;I'
ney;ney 
h;s wh
 ;ld 
p; comp
J;N J
rs ;rs a
o; so
 to ; to d
f;off
ick;icks
da;day
e on;e on 
 yo; you
i;ie
nd; land
ETON:;DGE BUMBLETON:
a;otta
p;d p
m;mu
ep;keep
 fl; flo
pol;poll
a;ck a
fl;flo
h;r th
dr;dre
r;h for
e;ste
e ;nto the 
=;Y=
n ;n o
ac;ace
su;sur
i;o hi
d ;g and 
'm ;'m s
d;ed
s;is is
re; were
Jock;e Pollen Jock
We';We're 
e; she
g;wing
w;e w
 ;oking 
?;es?
n; mean
ma;mat
em;eme
 ;honey 
 bl; bla
ll;llo
e;ffee
r;r 
 ; a
s,;s, 
 a s; a st
 the; then
ove;over
te;tel
or t;or th
r;omer
men;ment
 the ; the a
U;U 
 ;l the 
ng ;ng u
 are ; are you
nge;nger
 ;es 
H;(H
ph;pho
';What'
ase;please
 ;all the 
s;arts
s ;s a
re;re?
h;I h
p;stop
ra;ral
s;ans
ou;ous
t;somet
alk;alks 
 ;d 
u;un
r;re r
inking bee;inking bee!
d;di
t;f t
e i;e it
 ;ead 
a;al
y;oy
ward in time ;ward in time and 
 and he; and he 
GE BUMBL;GE BUMBLETON:
It's a;It's a 
tim;time
h;ith th
OT;OTT
e w;e we
:; #1:
e;side
 ho; hon
 ; R
 ;t I 
mo;mor
n;lin
l;tel
 g; ge
r;ber
g;is g
cal;call
e s;e se
 ; forward 
 ; as 
n;n in
ch;atch
s; bees
i;on i
 the ; the c
Barry;nd Barry
 ; at 
the ho;the honey
 hit; hits 
 ;bout 
 ;from the 
2:;N JOCK #2:
 ;Not 
i; Barry i
 ;nd 
r; car
d w;d we
 was; was 
up ;up t
r ;r i
 ve; ver
l;ry fl
 b; bl
 ;at is 
e;y e
n;men
eve;ever
.;ve.
k; pick
t;lt
is ;is h
a; lea
h; and th
lo; the flo
r;r!
ney;e honey
l;ry l
s;oses
ally;ally 
 don; don't
ing t;ing th
 ;a 
sti;stic
or;ctor
i;this i
 ;Why 
I';I've 
ches;ches 
 ;ward in time 
p;The p
.;es.
IN;IN:
co;con
k;hank
o;I'm so
 of ; of b
m;, m
en j;en jock
appe;appen
t;in t
om the;om the 
an';an't
 th; tha
of ;of b
an;anc
T;(T
ody;ody 
UDGE BUM;UDGE BUMBL
llen ;llen Jock
?;?!
h;h th
s;it is
n;den
b;ld b
you; do you
 talk; talking
ut of ;p out of 
o;ns o
E;ES
w ;w d
ONTGOMERY;ONTGOMERY:
e;ne
What;What'
t the;t there
ow;e window
Barry ;Barry i
y;lly
 st; sta
ring;ring 
O;LOO
at is;at is 
s ;rry is 
 ;ple 
 ;can't 
F;Fr
o;ut o
a;Vanessa a
 ;right 
he t;he ta
ht;night
i;sa i
nking bee;nking bee!
 ;BEE 
Bee;Bee 
nessa ;nessa i
 ;to the 
- N;- No
m a;m an
a;tea
 ;ng a 
 ;some 
l; sl
s ou;s out
ed ;ed t
g;m g
'm s;'m so
ut;ut 
being;being 
e;Le
o;quito
 real; really 
e;e be
aus;ause
 ; It 
rry ;rry i
bee;bees
ry ;ry f
k;You k
t;out t
he h;he ho
w;w, 
i; the wi
p;s p
TIN;TIN:
u;e cou
BUMBL;BUMBLE
g;oing
by;by 
 ;om 
.;ers.
al;ali
s;ts
 wa; way
B;BA
bees;bees!
A;AM
R;UR
gomery;ntgomery
 you; you'
AM;AM:
t; all t
s in;s in 
ere;ere.
gh;ough
1; JOCK #1
 an; any
uc;uck
What ;What i
 ;ittle 
p;Barry p
 don't; don't 
u;e ou
oth;othe
 ;ade 
or ;or a
 ; h
 ;Vanessa 
n;ve n
w;What w
a;ike a
's ;There's 
he;hem
r;rd
C;Ca
t of ;t of t
k; mak
he win;he wind
y;day
 ;sa 
o; tho
';u'
a;ut a
s ;s b
 ;ake 
e;on the
Whe;Where
e;sse
c;o c
 bu; bus
n; ten
he b;he be
t;about t
a; dea
 An; And 
 ; for 
f; lif
 ;ing. 
me;me 
d;sed
a;bea
e m;e ma
it;ito
.;at.
h; to h
d ;d c
Flash forward in time ;Flash forward in time and 
 like ; like a
ith ;ith a
ir ;heir 
e;er be
l ; will 
 were; were 
he h;he hu
y; away
ctor;Hector
';it'
e;name
t;start
dd;dde
, ;ee, 
a;have a
e;ife
, ;, I
 forward in time ; forward in time and 
 ; have to 
is;ist
);a)
e;unde
es ;es t
going;going 
 ;s at 
 S; St
- Th;- Thi
i;anessa i
 w; wh
 ;ur 
ut ;ut a
 ;around 
 bu; buzz
 don't k; don't know
Jo;Jock
 ;ble 
t; somet
e;in the
i;it i
e;these
 bel; believe
L;La
 B; Be
 pla; plan
tt;tting
he c;he ca
pi;pin
n;s on
sto;stop
d the;d the 
nki;nking
s; we s
An;And
t; wit
n ;n Jock
l;arry l
:;ERY:
.;ght.
t;or t
:;BLOOD:
ju;just
e; to be
s;and s
 pi; pic
 a ; a c
LEN JOCK;OLLEN JOCK
!;d!
ould;ouldn't
es;es,
re; where
B;Barry! Breakfast is ready!
l; real
u;ju
o;he flo
);ing)
n; thin
 ;do 
(;(P
tru;truc
k;sk
t s;t so
ng b;ng be
ut of ;ut of i
d ;d t
st;sta
1;1:
c;ou c
o;es do
ou;- You
ave t;ave to
's ; That's 
cl;clo
 ;ind 
Ben;Benson
n; sn
a;m a
e;eb
ns;ns 
un;unc
't;don't
ing the;ing the 
uld; would
p;rry p
n; gon
n time;n time 
st ;Just 
T;TGOMERY
lin;ling
ou ;ou w
l;el
u;ctu
 the; they
n a;n a 
t;ng at
oin;oint
h;ph
 we ; we s
a;ca
nt ;nt t
t;ight
 wa; was
o;oi
sa;say
2:;EN JOCK #2:
 time ; time and 
!;! 
,;right,
s; you s
c;I c
i;Vanessa i
g;ming
hea;hear
n;Hon
 and ; and Adam
 sta; star
m; room
ng ;ng t
om th;om the
 out ; out o
e;the bee
:;Y:
av;avi
j;n j
I;d I
n;nd
d in time ;d in time and 
 ;ng in 
o;tho
to;squito
uit;uito
l;sel
 ;rs. 
now;ou know
RY;RY:
hing;hing.
e;he be
l;ld
na;na 
 in a; in a 
 mo; mov
ding;ding 
s;This
we;wee
 pul; pull
 out o; out of 
d;he d
u;e hu
and ;and a
a ;a f
sh;shi
i; wi
r;hr
l;sl
ose;Moose
so;som
o;ies o
ght,;ght, 
 la; law
have to;have to 
e;nee
min;ming
tle;little
wa;way
ho;ho 
 this i; this is
er;er?
N J;N JOCK
ou ;ou l
ow ;ow m
e th;e tha
';'s
.;al.
g; bug
he;hea
e;t we
 a ; a m
 ;very 
u;er bu
d; wind
me ;me o
is r;arry! Breakfast is ready!
t fl;t flo
rw;rward
o; the ro
 to ; to b
h; of h
 e; ev
o; Ho
r;r r
d in time;d in time 
 ;Do 
u;k ou
ll ;ll h
k;eak
 ;ey 
ee;eek
m;m.
 I ; I s
n;ne
 ;es to 
sp;spr
rs;rs.
e;age
c; I c
w; I w
he ;he e
 the ; the h
into ;into a 
n; can
 ;ys 
 is ; is a
 this; this.
i; di
ARTI;ARTIN
ke; like
on't;on't 
s;nes
who;who 
Y;Ye
t;hut
i; rai
 ;t. 
e;were
b;ub
wo;wor
yt;yth
 ;or a 
ld;hould
y;ey
h;ht
last;last 
o ;o y
s;n s
 ;ding 
s ;looks 
t;itt
eing;eing 
d;l d
 an; an 
t; not
g; thing
);plane)
 Pollen; Pollen 
e; with the
 ;don't 
a ;nto a 
y fl;y flies 
o;go
Ju;Just 
w;we
in a;in a 
nd he;nd he 
he;her
flying;flying 
 with th; with the
e;ex
till;till 
ir;irl
gi;gin
the;off the
 her; here
 ;(The 
's a;'s a 
 time; time.
 ;it 
r; br
VA:;DUVA:
of ;of t
wo;wo 
 ;K 
 o; or
A;A 
 over; over 
t; in t
n;t on
with ;with a
ck;heck
t;ting t
an;ant
sti;stin
 ;bees 
c;truc
us;us 
y;ery
t;met
t;urt
ose;ose 
W;Wo
 you; you 
u;g u
e;que
y;honey
t;nd t
r; her
. T;. Th
ns;nsi
dam;(Adam
);rry)
the ;the b
 wan; want
 mak; make
the;from the
u;gu
i;il
o;e so
d;Hold
U; GU
:;CK #1:
t's th;t's the
.;ht.
n;ean
hes;hese
 ; an 
into ;into th
OMERY;GOMERY
d w;d wi
1;CK #1
:;TGOMERY:
not ;I'm not 
e h;e ha
re;rev
y;hey
t;g t
:;NESSA:
ed ;ed i
e;of the
b;ould b
 ; to be 
 ; Pollen 
y l;y lo
ar;ari
han;hand
n ;n j
for th;for the
 hi; hive
h;ry h
hat ;hat t
ney;the honey
 ; P
 ;, they 
fall;falls 
and th;and the
.;ng.
ries;ries 
pla;plan
k;rry! Breakfast is ready!
a;Wa
BE;BEE
x;nex
m; a m
 B; Bu
n;nn
p;ep
 ;forward in time 
zi;zin
.;ime.
a;ou ha
o;me o
h;t th
e;wee
h;o h
human;humans
e bee;e bee 
ho;hos
 don't ; don't k
 int; into 
l;s l
 ;y to 
ll ;ll r
t m;t ma
out ;out t
m ;m g
g;you g
w;er w
king bee;king bee!
l;rel
that;that.
o;r o
 That; That's 
 ;der 
e;plane
and ;rward in time and 
e;eve
t th;t the
l ;l o
e;the be
s;as
a;mea
ee;eep
t;est
 o; over
te;ten
 your; your 
:;LLEN JOCK #1:
p t;p th
a; mea
o;out o
s;'s s
o;ro
Ma;May
U; BU
r;es ar
Ba;Barry
e;lie
, ;d, 
he ;he c
 ;y. 
 M; Ma
here;here 
y to;y to 
o;yo
s hea;s head
s;here is
believ;believe
.;te.
h; the h
de;des
e;hone
t;t out
(Adam;(Adam 
 ;ts to 
me;met
es the;es the 
, ;, i
in time;sh forward in time
s;ees
s a;s ar
d ;d i
 s; sh
i;stri
not ;m not 
It;It 
o ;o l
't b;'t be
e a;e ar
ut ;ut i
s ;hat's 
g;gl
f;ff
 like; like 
i;shi
 ;not 
t;g it
 t; tu
the ;the d
ai;ain
o;u go
on the;on the 
k;k.
 whe; where
poll;pollen
a;s ca
L;LO
where;where 
S;Su
:;POLLEN JOCK #1:
s;hat is
);ed)
s ; falls 
ANE;ANET
c;n c
 p; po
a;he wa
u; mu
g;ag
the ;the g
 ;be 
na;nam
a;t's a
ght;ght.
d;and
d;dn
 ;ets 
ney; the honey
';You'
s ;walks 
a;Wha
e;g be
r; our
k;arry! Breakfast is ready!
l ;l w
I can't;I can't 
a ;a c
now;now.
 wa; wan
o;e bo
with a;with a 
ol;oll
Wh;Wha
, ;, w
.; that.
e;e.
l ;l t
er ;er a
ei;ein
li;lit
!;g bee!
s;leas
am;am 
po;por
:;ARRY:
d;stand
li;lif
it;Wait
 we ; we d
k;nk
 ;last 
D;OOD
arry ;arry i
.;h.
I;It
p;happ
in t;in th
m t;m th
ng th;ng the
n;g in
u;mu
g at;g at 
D:;ARD:
 u; un
 ; go 
a;I wa
h;of th
s ;ry is 
BA;BARRY
ave a;ave a 
 ;len Jocks 
n; an
h ;h p
er;ery
 to th; to the
 forward ; forward in time
a;f a
an;any
JOCK #1;JOCK #1:
d;ord
, ;, m
AR;ARR
r;tr
s;his
l;Hol
o;ed o
o;fro
 ;got 
 ;but 
e; one
GE BUM;UDGE BUM
:;RRY:
i;ir
ese;ese 
i;ani
e;nte
e;ee
 ;gs 
Vanessa ;nd Vanessa 
BARRY;BARRY=
s ;s d
 ;, you 
, I';, I'm 
ike ;ike a
w;hat w
an;uman
(Ba;(Barry
is ;is i
o;one o
You ;You s
 #;OCK #
t;ft
rry fl;rry flies 
n;na
tic;tick
2:;JOCK #2:
!; it!
r;dr
a;an
.;nd.
 ;e to 
and ;and t
s;he's
or;orm
.;ne.
p;h p
 ; off 
to ; want to 
-;ee-
Hol;Hold
o;he Po
i;tai
he wi;he win
 sp; spr
M;(M
ki;kin
- You;- You 
t;ant t
! ;s! 
o;loo
ba;bal
o; to
one ;one o
Po;Point
i;ld i
y;ly
, ;ey, 
ot;I got
i; it i
h;u h
R;CAR
g;the g
rea;reat
 sp; spe
d h;d he
 ;e have 
s a;s an
 ;eing 
Wa;Wait
h; in th
g;leg
 a ; a p
Ye;Yes
?; that?
this i;this is
e;ei
 ;o 
ing;ing?
our;ours
r;ver
s;cks
DAM;DAM:
k;kn
 in ; in a
 ;you 
e;be
p;he p
t;ou t
:;D:
lot;lot 
d ; and 
 ; where 
r l;r li
at;at'
i;ing hi
OR;OR:
 up ; up t
s ;s w
en; happen
red;red 
.;re.
m;of m
 A; An
 ;all 
hey;hey 
TON:;BUMBLETON:
ck;cks
 ;r a 
ad;adi
o ;o m
m;mm
Barry;d Barry
!;ry! Breakfast is ready!
 ;sh forward in time 
t;ing t
B; B
 scen; scene 
So;So 
POLLEN JOCK #;POLLEN JOCK #2:
 a l; a li
 ;who 
 in time; in time 
g i;g it
him;him 
o;es to
n't;n't 
 ;ay 
R;TER
i; ki
I ;I w
 ; we 
s;our s
h;h 
th ;th t
awa;away
:;TIN:
ow;ow, 
l;u l
!;ng bee!
, ;, d
, ;now, 
s;oes
e;offee
o;e do
a;o a
e;face
re ;hey're 
 that; that.
I;Is
y;. They
tt;tto
 Van; Vanessa
BL;BLOO
OD;OD:
 Pollen Jocks; Pollen Jocks 
forward ;forward in time
fi;fir
re;t there
p; rep
u; tu
thing;thing.
w;is w
 ; f
er;er)
e; fre
t;bout
l;o fl
hu;hut
a;a a
and;ands
t;at t
s ;s c
T;! T
 ; Vanessa 
 ;hat's a 
 ;und 
t;r t
f ;f a
O;OME
m;mo
ing ;ing b
es;ess
g;g,
th a;th a 
 la; las
rl; girl
r; sor
 s; sw
e pl;e pla
N;Ne
is;is?
u;g ou
P;he P
hat;hat?
u;ue
 ;there 
es d;es do
t; of t
m; am
 Thi; This
 see; see 
i;id
t;s t
h;th th
 ;ays 
E;LE
 ;It 
R;RA
 ; What 
 ;o be 
hey ;hey a
s ;alks 
 ;wn 
 fl; fli
u;ud
la;lan
atte;atter
g b;g be
o; co
ing;ying
n;d on
e r;e re
a;pra
wer; flower
oo;ook
the Po;the Pollen 
es ;flies 
I do;I don't 
n; chan
ash forward ;ash forward in time
 ;ted 
U;OU
t;aft
ate;ater
 o; of
i;ui
 an; and 
his h;his ha
b;ing b
 ;by 
d;ou d
 A; Adam
y in;y in 
 ;go 
s;ents
that;that?
 ;CK 
we ;we s
EN JOCK #;EN JOCK #1
lon;long
 hel; help
r;nder
a;a 
 look; looks 
 to ; to h
t;as t
N;VAN
 ;ive 
qu;qui
- Y;- You
e;ve
l;bl
o;e ho
di;dis
s; Is
s;at is
c;cl
war;ward
s;mos
p; the p
 have t; have to
f;nd f
n;is n
s;als
ere ;ere a
now;u know
ment;ment 
k;rk
you;do you
o ;o B
w;wa
'; you'
 ;ide 
ti;til
s;lowers
a ;a d
 ;No, 
ing;ings
a;That's a
n;An
h, ; Oh, 
. ; know. 
w;rw
d;rd
t;king t
't; don't
.;ll.
R;RD:
 that; that?
.;this.
e;fe
i;nti
 ;ke a 
ea;eat
e;cke
a; cra
Barry fl;Barry flies 
A;An
h;'t h
?;n?
m;m, 
n;it in
to;tor
1;OCK #1
ck;cki
The b;The be
e;ise
y ;y p
t;let
 a l; a lo
at ;at t
y t;y ta
 ; v
s ;y is 
 ;de 
e; Bee
 ;hese 
m;nam
ne;ne)
nson; Benson
s not;s not 
v;riv
MARTIN;MARTIN:
y;y?
t;, it
a;hea
w;the w
m;mb
he hu;he human
d;we d
BLOOD;SEBLOOD
n;han
 JOCK #; JOCK #2:
 ; p
wh;whi
(Flash forward in time;(Flash forward in time 
b; to b
ther;ther 
ve ;ve go
a;aga
ed ;ed o
I;RTI
n;ppen
m;lm
 awa; away
u;ug
a;Ma
bi;big
OSEBLOOD;MOOSEBLOOD
 ;t, 
 ;llen Jocks 
g ;g s
re ;re f
l;pol
n;ian
k;mak
h;his h
i;nni
d n;d no
c;pic
.;ut.
g a;g an
K;KE
man;man 
r;gr
wh;what
it ;it w
ow;he window
rry f;rry fl
 ;ty 
 ;now. 
p;t p
E ;E B
Bees;Bees 
 ;s the 
ta;tak
o;e Po
 Bee; Bee 
d ;r and 
:;OLLEN JOCK #1:
r;ear
t;s at
s f;s fl
he ;he n
n;turn
 ;ng at 
 and th; and the
orr;orry
p;elp
t;t of it
ack ;ack and 
m;m!
th;e of th
 ;- What 
. ;. Y
jock;pollen jock
 got; got 
!;er!
h;the h
 the wind; the window
t;ght
et;ett
ing;alking
e ;e o
ing th;ing the
w;Wow
ing i;ing in
ll;lls
ho;hor
p;a p
DA;DAM
 the ; the s
n;s an
n;hin
s;mans
ring ;ring a
ney;he honey
ch;cho
ws;ws 
s ;s his 
, y;, you
ch;much
h;ith
l;ool
g;ning
e; and he
T;OTT
ma;mak
 on ; on t
 ;- I 
r;rs
 V; Van
s h;s ha
e co;e cou
';we'
CK #;CK #1
- Ye;- Yes
!;ees!
n Jocks;n Jocks 
e;rse
t ;t I
e win;e wind
OCK #;OCK #1
wa;wal
c;tic
p ;p t
ha;hav
i;o thi
 tal; talk
l;pl
qu;que
 c; cr
 ;they 
s;sses
he;de the
a;cha
ry ;ry p
to ;to s
ting ;ting t
t;rst
t a;t ar
 ;for the 
U;UARD:
l; bal
!;t!
arry;, Barry
o;g o
:;OCK #1:
k;ank
real;really 
 ; by 
nt;ntr
a; gra
h; to th
I ;I m
r; fr
r; dr
ng ;ng o
p;ey p
 Vanessa; Vanessa)
happ;happen
h;ugh
i;mati
 ;e. 
U;GU
b;bl
n; Hon
is is;is is 
l;r l
 ;back 
e; take
 bi; big
there;there 
Vanessa ;d Vanessa 
pl;ple
a; a
ed t;ed to 
h;eah
to ;to g
off ;off the
at;ati
i;ut of i
t b;t be
#;#2
p;hop
nc;nce
wer;were
ere;ere 
i;enti
S;(S
whi;which
MERY;MERY:
ESSA;VANESSA
- Wh;- What
re ; you're 
z;raz
on th;on the
ETON:;GE BUMBLETON:
can;can't
GU;GUARD:
t;lot
ffe;ffee
 the ; the g
 g; gl
!;ow!
e s;e st
EN JOCK #1;EN JOCK #1:
 ;eat 
T;ONT
t;Not
one;oney
t; get
n;y in
ollen ;ollen Jock
T;e! T
 ; The 
it ;it a
y;Hey
w;l w
tal;talk
 ;hem 
 Barry; Barry.
time;time 
 M; Mo
T;ST
n;n!
oo;oor
s ;s p
en;en.
ing ;ing o
f;rry f
Barry;Barry, 
d of;d of 
with;with 
 sh; she
ui;uit
io;ion
g;'s g
 so; some
 s; sm
.;one.
e;ng bee
 ;here is 
c;ct
 do; does
e;ue
le ;le a
know;know, 
n;n'
t al;t all
n;y an
d;ld
, n;, no
e;Ke
I;, I
in time;lash forward in time
k ;k h
k;walk
n;n 
ul;uld
ch;tch
ling;ling 
i; hi
l;la
 a; ar
h;hich
m;hum
n;t thin
r;rm
aw;awa
d; hard
 ;old 
rry and ;rry and Adam
b;ba
n; An
b;ng b
l;he Pol
, t;, th
s;sh
h ;h t
R;RI
or;orward
dam;Adam
h;hy
about;about 
h;d th
l;e pl
a;the a
t;ing it
 p; pe
ur ;ur c
s;clos
o;fo
t;er t
g;hang
'm ;'m not 
 sc; scen
ly;to fly
 pu; pul
 ha; hav
i;Hi
i;m i
s;g s
very;very 
s;its
, ;ah, 
h;t of th
nt;nts
tting;tting 
I;LI
k;ck
 plan; plane
g;u g
p;op
l;real
i;im
 c; co
 ;head 
AR;ARD:
Flash forward ;Flash forward in time
i;- Thi
u ;u c
qui;squi
e;ure
h ;h a
t;side t
, ;er, 
z;zz
 I ; I c
 flo; flower
un;unt
a ; gotta 
s b;s be
d th;d the
 what; what 
